timestamp,run_min,general_cov_thresh,panel_cov_thresh,crate_cov_thresh,,
2024-02-13 06:06:50.711247-05,309434,51.3525026624068,53.1291611185086,68.4210526315789,,absolute garbage
2024-02-13 06:06:54.254723-05,309439,51.384451544196,53.2623169107856,68.4210526315789,,absolute garbage
2024-02-12 10:16:17.311577-05,302640,53.0564430244941,54.5938748335553,63.1578947368421,,absolute garbage
2023-05-30 12:54:15.19747-04,309553,58.4664536741214,60.7190412782956,78.9473684210526,,
2023-05-30 12:54:15.093358-04,309546,58.4771033013844,60.7190412782956,78.9473684210526,,
2023-05-30 12:54:15.12213-04,309548,58.4877529286475,60.7190412782956,78.9473684210526,,
2024-02-13 06:21:59.083619-05,309504,58.4984025559105,60.7190412782956,78.9473684210526,,garbage
2023-05-30 12:54:14.999424-04,309539,58.5090521831736,60.7190412782956,78.9473684210526,,
2024-02-13 06:07:22.193676-05,309483,58.7326943556975,60.8521970705726,78.9473684210526,,
2024-02-13 06:07:10.64956-05,309469,58.7433439829606,60.8521970705726,78.9473684210526,,
2024-02-13 06:21:56.320105-05,309501,58.7752928647497,60.8521970705726,78.9473684210526,,garbage
2024-02-13 06:07:36.235956-05,309499,58.7859424920128,60.8521970705726,78.9473684210526,,
2024-02-13 06:07:00.589139-05,309456,58.9137380191693,61.1185086551265,78.9473684210526,,
2024-02-13 06:06:56.925796-05,309449,59.2119275825346,61.5179760319574,78.9473684210526,,
2024-02-13 06:06:56.032691-05,309448,59.2225772097977,61.5179760319574,78.9473684210526,,garbage
2023-05-30 12:54:15.619851-04,309597,59.9361022364217,62.3169107856192,78.9473684210526,,
2023-05-30 12:54:15.659399-04,309600,59.9787007454739,62.3169107856192,78.9473684210526,,
2023-05-30 12:54:15.469797-04,309579,60.010649627263,62.4500665778961,78.9473684210526,,
2023-05-30 12:54:15.483678-04,309581,60.0212992545261,62.4500665778961,78.9473684210526,,
2023-05-30 12:54:15.456307-04,309578,60.0638977635783,62.4500665778961,78.9473684210526,,
2024-02-06 13:43:34.655386-05,302159,60.5537806176784,63.115845539281,73.6842105263158,,bad crate coverage
2024-02-06 13:43:35.594841-05,302169,60.5963791267306,63.115845539281,73.6842105263158,,
2024-02-06 13:43:32.885736-05,302138,60.7667731629393,63.2490013315579,73.6842105263158,,
2024-02-06 13:43:33.52196-05,302145,60.7774227902023,63.2490013315579,73.6842105263158,,bad crate coverage
2024-02-06 13:43:31.553463-05,302121,60.8306709265176,63.3821571238349,73.6842105263158,,
2024-02-06 13:43:29.979666-05,302104,60.8413205537806,63.3821571238349,73.6842105263158,,
2024-02-06 13:43:30.90883-05,302114,60.8839190628328,63.3821571238349,73.6842105263158,,bad crate coverage
2024-02-26 03:31:44.339793-05,356781,61.2779552715655,63.2490013315579,78.9473684210526,,
2024-02-26 07:32:04.876366-05,356785,61.2886048988285,63.2490013315579,78.9473684210526,,
2024-02-26 01:31:48.549023-05,356779,61.2992545260916,63.2490013315579,78.9473684210526,,
2024-02-26 00:30:49.448197-05,356778,61.3099041533546,63.2490013315579,78.9473684210526,,
2024-02-25 13:29:31.320717-05,356767,61.3205537806177,63.2490013315579,78.9473684210526,,
2024-02-25 10:41:02.185701-05,356765,61.3844515441959,63.3821571238349,78.9473684210526,,
2024-02-28 19:12:43.83172-05,356857,61.4164004259851,63.6484687083888,78.9473684210526,,
2024-02-28 18:09:37.751717-05,356856,61.4589989350373,63.6484687083888,78.9473684210526,,
2024-02-23 04:51:24.504013-05,356707,61.5761448349308,63.5153129161119,78.9473684210526,,
2024-02-22 12:32:34.610899-05,356687,61.5867944621938,63.5153129161119,78.9473684210526,,
2024-02-23 10:27:03.226122-05,356711,61.5974440894569,63.5153129161119,78.9473684210526,,
2024-02-25 10:12:46.978698-05,356762,61.6080937167199,63.5153129161119,78.9473684210526,,
2024-02-28 05:53:30.367986-05,356839,61.6080937167199,64.0479360852197,78.9473684210526,,
2024-02-23 17:31:20.439555-05,356718,61.618743343983,63.5153129161119,78.9473684210526,,
2024-02-22 13:32:33.688779-05,356688,61.629392971246,63.5153129161119,78.9473684210526,,
2024-02-28 09:23:31.372528-05,356844,61.7145899893504,63.9147802929427,78.9473684210526,,
2024-01-02 05:38:19.582708-05,355269,61.7252396166134,63.5153129161119,78.9473684210526,,
2024-02-27 20:12:42.055848-05,356827,61.7571884984026,64.0479360852197,78.9473684210526,,
2024-01-03 07:28:32.479516-05,355294,61.7678381256656,63.5153129161119,78.9473684210526,,
2024-02-27 18:10:39.59451-05,356824,61.7678381256656,64.0479360852197,78.9473684210526,,
2024-02-28 01:17:02.967509-05,356832,61.7891373801917,64.0479360852197,78.9473684210526,,
2024-02-27 22:15:55.700256-05,356829,61.7997870074547,64.0479360852197,78.9473684210526,,
2024-01-01 05:30:30.630074-05,355242,62.0340788072417,63.7816245006658,84.2105263157895,,
2023-12-31 04:01:17.043095-05,355216,62.0447284345048,63.7816245006658,84.2105263157895,,
2024-02-12 10:34:56.619092-05,304332,63.1096911608094,65.6458055925433,78.9473684210526,,
2024-02-06 13:43:36.270471-05,302179,64.5473908413205,66.844207723036,78.9473684210526,,
2023-07-25 00:42:13.606268-04,350118,64.5686900958466,65.9121171770972,84.2105263157895,,
2024-02-20 15:31:10.229795-05,356629,64.8455804046858,66.4447403462051,84.2105263157895,,
2024-02-20 17:55:31.586157-05,356632,64.8668796592119,66.4447403462051,84.2105263157895,,
2024-02-20 18:52:20.105659-05,356633,64.888178913738,66.4447403462051,84.2105263157895,,
2024-02-21 12:08:37.486408-05,356653,64.9094781682641,66.4447403462051,84.2105263157895,,
2024-02-21 10:05:50.136445-05,356649,64.9307774227902,66.4447403462051,84.2105263157895,,
2024-02-29 20:20:43.814373-05,356885,65.1757188498403,66.9773635153129,84.2105263157895,,
2024-02-29 18:16:30.422577-05,356883,65.1863684771033,66.9773635153129,84.2105263157895,,
2024-02-29 13:07:42.882277-05,356878,65.2183173588924,66.9773635153129,84.2105263157895,,
2024-02-21 14:11:16.241317-05,356662,65.346112886049,66.9773635153129,84.2105263157895,,
2024-02-22 02:24:33.360089-05,356674,65.3674121405751,66.9773635153129,84.2105263157895,,
2024-02-21 14:17:42.098509-05,356663,65.3887113951012,66.9773635153129,84.2105263157895,,
2024-01-29 10:57:49.487777-05,356007,65.6869009584665,68.1757656458056,78.9473684210526,,
2024-01-29 12:20:35.916721-05,356010,65.7294994675186,68.1757656458056,78.9473684210526,,
2024-03-27 08:28:53.138352-04,357494,65.7401490947817,67.1105193075899,84.2105263157895,,
2024-03-27 09:32:47.528455-04,357493,65.7507987220447,67.1105193075899,84.2105263157895,,
2023-10-16 08:13:56.72039-04,352589,65.7507987220447,67.6431424766977,84.2105263157895,,
2023-10-15 21:54:13.93595-04,352576,65.7614483493078,67.6431424766977,84.2105263157895,,
2023-10-15 11:49:39.526219-04,352566,65.7720979765708,67.6431424766977,84.2105263157895,,
2024-01-29 14:01:30.671348-05,356009,65.7720979765708,68.1757656458056,78.9473684210526,,
2023-10-14 20:53:42.825762-04,352551,65.7827476038339,67.6431424766977,84.2105263157895,,
2023-10-17 23:15:44.926454-04,352632,65.8253461128861,67.7762982689747,84.2105263157895,,
2023-10-19 03:07:55.13269-04,352662,65.8359957401491,67.7762982689747,84.2105263157895,,
2023-10-18 02:18:06.607738-04,352635,65.8466453674121,67.7762982689747,84.2105263157895,,
2024-02-12 10:23:01.842542-05,303346,65.8466453674121,68.5752330226365,78.9473684210526,,
2023-10-19 05:08:09.193111-04,352664,65.8572949946752,67.7762982689747,84.2105263157895,,
2024-02-12 10:23:06.248791-05,303352,65.8572949946752,68.5752330226365,78.9473684210526,,
2023-10-19 07:04:52.194507-04,352666,65.8679446219382,67.7762982689747,84.2105263157895,,
2024-04-04 04:23:36.314533-04,357718,65.8679446219382,68.0426098535286,84.2105263157895,,
2023-10-17 11:14:58.024843-04,352620,65.8785942492013,67.7762982689747,84.2105263157895,,
2024-02-12 10:23:05.386508-05,303351,65.8785942492013,68.5752330226365,78.9473684210526,,
2023-10-17 21:20:05.185376-04,352630,65.8892438764643,67.9094540612517,84.2105263157895,,
2024-04-04 04:17:54.773638-04,357717,65.8998935037274,68.0426098535286,84.2105263157895,,
2024-02-12 10:23:04.486602-05,303350,65.8998935037274,68.5752330226365,78.9473684210526,,
2024-04-04 05:02:09.810718-04,357716,65.9105431309904,68.0426098535286,84.2105263157895,,
2024-04-04 07:16:33.861001-04,357721,65.9211927582535,68.0426098535286,84.2105263157895,,
2024-04-21 17:04:36.022477-04,358203,65.9531416400426,67.6431424766977,89.4736842105263,,
2023-11-14 10:08:49.573335-05,353392,66.0702875399361,68.0426098535286,84.2105263157895,,
2023-10-14 17:46:53.788139-04,352547,66.0809371671992,68.0426098535286,84.2105263157895,,
2023-10-14 16:43:56.102399-04,352546,66.0915867944622,68.0426098535286,84.2105263157895,,
2023-11-12 21:18:27.74358-05,353353,66.3365282215123,68.4420772303595,84.2105263157895,,
2023-11-12 21:16:33.391574-05,353352,66.3578274760383,68.4420772303595,84.2105263157895,,
2023-10-14 06:09:19.665858-04,352531,66.3791267305644,68.4420772303595,84.2105263157895,,
2023-11-05 09:14:06.858479-05,353150,66.3791267305644,68.5752330226365,84.2105263157895,,
2023-10-14 03:09:08.328198-04,352528,66.3897763578275,68.4420772303595,84.2105263157895,,
2023-10-14 02:09:25.689052-04,352527,66.4004259850905,68.4420772303595,84.2105263157895,,
2023-11-05 09:26:23.325289-05,353149,66.4004259850905,68.5752330226365,84.2105263157895,,
2023-11-10 18:42:55.031955-05,353297,66.4110756123536,68.4420772303595,84.2105263157895,,
2023-11-04 06:35:26.966633-04,353116,66.4110756123536,68.5752330226365,84.2105263157895,,
2023-11-04 04:15:48.719317-04,353108,66.4217252396166,68.5752330226365,84.2105263157895,,
2023-09-04 23:43:39.215169-04,351404,66.6027689030884,68.8415446071904,84.2105263157895,,
2023-09-04 22:41:28.593509-04,351403,66.6134185303514,68.8415446071904,84.2105263157895,,
2024-02-06 13:41:25.13664-05,300724,66.7838125665602,69.7736351531291,78.9473684210526,,
2023-12-11 00:00:17.287142-05,354423,66.8051118210863,68.5752330226365,84.2105263157895,,
2023-12-10 23:30:11.214514-05,354421,66.8157614483493,68.5752330226365,84.2105263157895,,
2023-10-29 03:36:18.395029-04,352949,66.8370607028754,68.5752330226365,84.2105263157895,,
2023-10-29 03:39:29.235856-04,352950,66.8583599574015,68.5752330226365,84.2105263157895,,
2023-10-29 12:23:57.955379-04,352959,66.9116080937167,68.5752330226365,84.2105263157895,,
2023-10-28 19:45:40.52725-04,352937,66.9222577209798,68.5752330226365,84.2105263157895,,
2023-10-28 20:48:53.489269-04,352938,66.9648562300319,68.5752330226365,84.2105263157895,,
2024-02-06 14:39:14.002307-05,306200,67.1246006389776,70.439414114514,84.2105263157895,,
2024-02-06 14:39:14.538795-05,306202,67.1352502662407,70.439414114514,84.2105263157895,,
2024-02-06 14:39:15.084511-05,306204,67.1458998935037,70.439414114514,84.2105263157895,,
2024-02-06 14:39:04.892724-05,306167,67.1565495207668,70.439414114514,84.2105263157895,,
2024-02-06 14:39:02.269779-05,306158,67.1671991480298,70.439414114514,84.2105263157895,,
2024-02-06 14:39:00.359726-05,306151,67.1778487752929,70.439414114514,84.2105263157895,,
2023-09-24 20:46:43.807415-04,351950,67.3908413205538,69.3741677762983,84.2105263157895,,
2023-09-24 18:52:00.232565-04,351948,67.4014909478168,69.3741677762983,84.2105263157895,,
2023-09-24 17:50:04.50714-04,351947,67.4121405750799,69.3741677762983,84.2105263157895,,
2023-09-23 13:32:31.60939-04,351917,67.4227902023429,69.3741677762983,84.2105263157895,,
2023-09-23 04:37:49.271428-04,351903,67.433439829606,69.3741677762983,84.2105263157895,,
2023-09-23 19:27:25.69142-04,351924,67.444089456869,69.3741677762983,84.2105263157895,,
2023-09-26 10:01:33.845777-04,351992,67.4547390841321,69.3741677762983,84.2105263157895,,
2023-09-25 23:29:24.529973-04,351981,67.4547390841321,69.5073235685752,84.2105263157895,,
2023-09-23 10:35:38.344901-04,351909,67.4653887113951,69.3741677762983,84.2105263157895,,
2023-09-26 00:24:38.512633-04,351982,67.4653887113951,69.5073235685752,84.2105263157895,,
2023-09-23 00:24:38.292048-04,351897,67.4760383386582,69.5073235685752,84.2105263157895,,
2023-09-22 20:56:38.763953-04,351895,67.5505857294995,69.6404793608522,84.2105263157895,,
2023-09-22 14:42:35.6792-04,351886,67.5612353567625,69.6404793608522,84.2105263157895,,
2023-09-22 12:12:07.156639-04,351884,67.6038338658147,69.6404793608522,84.2105263157895,,
2023-09-21 19:40:58.839318-04,351862,67.7529286474973,69.9067909454061,89.4736842105263,,
2023-09-21 20:47:14.373889-04,351863,67.7635782747604,69.9067909454061,89.4736842105263,,
2023-09-21 16:20:39.124305-04,351847,67.8061767838126,70.0399467376831,89.4736842105263,,
2023-07-20 05:05:41.155799-04,311236,67.9339723109691,69.9067909454061,89.4736842105263,,
2023-07-20 02:01:30.867819-04,311233,67.9552715654952,69.9067909454061,89.4736842105263,,
2023-07-20 01:03:34.23658-04,311232,67.9659211927582,69.9067909454061,89.4736842105263,,
2023-09-21 17:24:34.34312-04,351845,67.9659211927582,70.0399467376831,89.4736842105263,,
2023-07-19 18:57:14.695483-04,311226,67.9765708200213,70.0399467376831,89.4736842105263,,
2023-09-21 17:09:53.968013-04,351846,67.9765708200213,70.17310252996,89.4736842105263,,
2024-02-12 10:27:04.922154-05,303708,68.1043663471778,70.9720372836218,84.2105263157895,,
2024-04-21 19:07:06.074472-04,358205,68.1256656017039,70.0399467376831,94.7368421052632,,
2024-04-21 16:23:52.090601-04,358201,68.3067092651757,70.439414114514,94.7368421052632,,
2024-04-21 13:32:14.008707-04,358194,68.370607028754,70.439414114514,94.7368421052632,,
2024-04-20 07:15:59.769975-04,358161,68.3919062832801,70.439414114514,94.7368421052632,,
2024-04-18 19:59:17.675559-04,358123,68.4025559105431,70.439414114514,94.7368421052632,,
2024-04-19 15:45:38.430098-04,358146,68.4238551650692,70.439414114514,94.7368421052632,,
2024-04-18 19:00:14.675001-04,358122,68.4345047923323,70.439414114514,94.7368421052632,,
2024-04-18 23:06:39.454009-04,358126,68.4451544195953,70.439414114514,94.7368421052632,,
2024-04-18 14:52:36.936733-04,358113,68.5623003194888,70.5725699067909,94.7368421052632,,
2023-05-30 12:54:16.969242-04,309713,68.5623003194888,71.7709720372836,89.4736842105263,,
2023-06-05 23:02:59.567492-04,309849,68.5729499467519,71.7709720372836,89.4736842105263,,
2023-05-30 12:54:16.940744-04,309711,68.5835995740149,71.7709720372836,89.4736842105263,,
2023-05-30 12:54:16.519882-04,309682,68.594249201278,71.6378162450067,89.4736842105263,,
2023-06-05 23:05:01.699982-04,309768,68.594249201278,71.7709720372836,89.4736842105263,,
2024-04-18 09:52:21.999649-04,358108,68.604898828541,70.5725699067909,94.7368421052632,,
2023-05-30 12:54:16.532348-04,309683,68.604898828541,71.7709720372836,89.4736842105263,,
2023-05-30 10:44:38.623624-04,309623,68.615548455804,71.7709720372836,89.4736842105263,,
2023-07-10 13:03:32.588777-04,310937,68.7433439829606,71.3715046604527,89.4736842105263,,
2024-04-18 08:58:12.56897-04,358103,68.8604898828541,70.8388814913449,94.7368421052632,,
2024-04-18 04:01:55.787324-04,358098,69.0521831735889,71.1051930758988,94.7368421052632,,
2024-04-18 05:07:05.142019-04,358099,69.073482428115,71.1051930758988,94.7368421052632,,
2023-12-04 04:50:33.649885-05,354049,69.1586794462194,70.7057256990679,89.4736842105263,,
2023-12-04 04:54:55.447517-05,354047,69.1906283280085,70.7057256990679,89.4736842105263,,
2023-12-04 04:55:27.718948-05,354048,69.2012779552716,70.7057256990679,89.4736842105263,,
2023-12-04 06:47:39.5417-05,354046,69.2225772097976,70.8388814913449,89.4736842105263,,
2024-03-28 14:06:17.0382-04,357527,69.307774227902,71.1051930758988,89.4736842105263,,
2024-05-16 14:58:26.631944-04,359089,69.3184238551651,72.3035952063915,94.7368421052632,,
2024-07-12 16:01:08.682788-04,360538,69.3290734824281,72.1704394141145,94.7368421052632,,
2024-03-27 18:39:43.412988-04,357504,69.3397231096912,71.1051930758988,89.4736842105263,,
2023-06-28 13:50:30.148922-04,310609,69.3397231096912,71.3715046604527,89.4736842105263,,
2024-07-12 13:08:15.318141-04,360535,69.3397231096912,72.1704394141145,94.7368421052632,,
2024-05-16 16:00:43.375734-04,359090,69.3397231096912,72.3035952063915,94.7368421052632,,
2024-03-28 00:45:25.212197-04,357510,69.3503727369542,71.1051930758988,89.4736842105263,,
2024-07-12 18:07:12.683628-04,360540,69.3503727369542,72.1704394141145,94.7368421052632,,
2024-05-17 00:01:56.743484-04,359098,69.3503727369542,72.3035952063915,94.7368421052632,,
2024-03-27 22:39:40.749438-04,357508,69.3610223642172,71.1051930758988,89.4736842105263,,
2024-07-12 15:05:42.163687-04,360537,69.3610223642172,72.1704394141145,94.7368421052632,,
2024-05-16 17:00:54.000688-04,359091,69.3610223642172,72.3035952063915,94.7368421052632,,
2024-03-29 07:12:53.270244-04,357549,69.3716719914803,71.1051930758988,89.4736842105263,,
2024-07-13 15:05:11.683925-04,360561,69.3716719914803,72.1704394141145,94.7368421052632,,
2024-05-16 17:59:49.080896-04,359092,69.3716719914803,72.3035952063915,94.7368421052632,,
2024-03-28 05:43:32.653369-04,357515,69.3823216187433,71.1051930758988,89.4736842105263,,
2024-07-06 00:03:25.542903-04,360375,69.3823216187433,72.1704394141145,94.7368421052632,,
2024-05-17 08:58:58.648512-04,359107,69.3823216187433,72.3035952063915,94.7368421052632,,
2024-05-17 10:02:09.716239-04,359108,69.3929712460064,72.3035952063915,94.7368421052632,,
2023-06-24 22:17:21.822481-04,310515,69.4036208732694,71.6378162450067,89.4736842105263,,
2024-05-16 19:58:41.789421-04,359094,69.4036208732694,72.3035952063915,94.7368421052632,,
2023-06-26 20:55:27.899094-04,310549,69.4142705005325,71.6378162450067,89.4736842105263,,
2024-03-24 08:37:25.226322-04,357378,69.4888178913738,71.5046604527297,89.4736842105263,,
2024-03-24 08:21:49.867881-04,357375,69.4994675186368,71.5046604527297,89.4736842105263,,
2024-03-24 08:32:00.765649-04,357376,69.5207667731629,71.5046604527297,89.4736842105263,,
2024-03-24 11:40:15.393294-04,357379,69.5527156549521,71.5046604527297,89.4736842105263,,
2024-02-06 13:43:37.260349-05,302194,69.5527156549521,72.3035952063915,84.2105263157895,,
2024-03-25 05:07:39.14354-04,357397,69.5633652822151,71.5046604527297,89.4736842105263,,
2024-02-06 13:43:36.464891-05,302187,69.5633652822151,72.3035952063915,84.2105263157895,,
2024-03-27 04:18:32.044078-04,357486,69.5846645367412,71.5046604527297,89.4736842105263,,
2024-02-06 13:43:37.651156-05,302199,69.5953141640043,72.3035952063915,84.2105263157895,,
2024-03-27 05:18:21.008312-04,357487,69.6059637912673,71.5046604527297,89.4736842105263,,
2024-02-06 13:43:36.679412-05,302188,69.6059637912673,72.3035952063915,84.2105263157895,,
2024-07-04 12:18:19.607577-04,360338,69.7124600638978,72.5699067909454,94.7368421052632,,
2024-07-05 00:21:27.223999-04,360350,69.7231096911608,72.5699067909454,94.7368421052632,,
2024-02-06 13:43:36.370103-05,302185,69.7870074547391,72.7030625832224,84.2105263157895,,
2024-01-08 18:32:17.475016-05,355454,70.010649627263,72.4367509986684,84.2105263157895,,
2024-01-09 06:36:23.749378-05,355466,70.0532481363152,72.4367509986684,84.2105263157895,,
2024-01-07 17:44:57.666061-05,355426,70.0958466453674,72.4367509986684,84.2105263157895,,
2024-09-15 09:28:26.15284-04,362170,70.0958466453674,73.1025299600533,94.7368421052632,,
2024-01-08 03:42:40.528173-05,355436,70.1064962726305,72.4367509986684,84.2105263157895,,
2024-09-15 10:01:07.385881-04,362185,70.1277955271566,73.1025299600533,94.7368421052632,,
2024-01-07 10:33:55.541963-05,355415,70.1384451544196,72.4367509986684,84.2105263157895,,
2024-09-13 07:27:56.557105-04,362215,70.1384451544196,73.1025299600533,94.7368421052632,,
2024-09-15 09:45:57.145168-04,362178,70.1490947816826,73.1025299600533,94.7368421052632,,
2024-01-05 14:42:09.542098-05,355360,70.1703940362087,72.4367509986684,84.2105263157895,,
2024-01-06 20:17:24.007896-05,355395,70.1810436634718,72.4367509986684,84.2105263157895,,
2024-01-07 07:40:16.791536-05,355411,70.1916932907348,72.4367509986684,84.2105263157895,,
2024-01-07 07:55:52.403042-05,355413,70.2023429179979,72.4367509986684,84.2105263157895,,
2024-01-05 16:01:48.832907-05,355358,70.2129925452609,72.4367509986684,84.2105263157895,,
2024-01-05 12:31:15.439599-05,355353,70.223642172524,72.4367509986684,84.2105263157895,,
2024-02-12 10:23:00.108581-05,303341,70.3514376996805,73.7683089214381,84.2105263157895,,
2024-02-12 10:22:57.489207-05,303338,70.3620873269436,73.7683089214381,84.2105263157895,,
2024-02-12 10:22:56.600497-05,303337,70.3727369542066,73.7683089214381,84.2105263157895,,
2024-02-12 10:22:53.85118-05,303334,70.3940362087327,73.7683089214381,84.2105263157895,,
2023-07-19 16:31:38.494588-04,311222,70.5644302449414,72.7030625832224,89.4736842105263,,
2023-12-28 12:16:26.309923-05,355145,70.6070287539936,72.8362183754993,94.7368421052632,,
2023-12-28 13:24:20.488517-05,355146,70.6389776357828,72.8362183754993,94.7368421052632,,
2023-12-27 15:21:38.353612-05,355117,70.6496272630458,72.8362183754993,94.7368421052632,,
2023-12-30 05:10:46.769424-05,355189,70.6602768903088,72.8362183754993,94.7368421052632,,
2023-12-25 15:49:07.156308-05,355067,70.6709265175719,72.9693741677763,94.7368421052632,,
2023-12-25 01:45:24.558793-05,355051,70.6815761448349,72.9693741677763,94.7368421052632,,
2023-12-24 17:50:16.602869-05,355041,70.702875399361,72.9693741677763,94.7368421052632,,
2023-12-25 03:46:34.130389-05,355050,70.7135250266241,72.9693741677763,94.7368421052632,,
2023-12-26 23:55:50.247884-05,355100,70.7241746538871,72.9693741677763,94.7368421052632,,
2024-02-06 13:41:12.893264-05,300564,70.7348242811502,73.5019973368842,84.2105263157895,,
2024-02-07 18:17:49.458368-05,308195,70.937167199148,74.034620505992,89.4736842105263,,
2024-02-12 10:37:48.351255-05,308224,70.9691160809372,74.034620505992,89.4736842105263,,
2024-02-06 14:38:28.378659-05,306014,70.9691160809372,74.167776298269,89.4736842105263,,
2024-02-12 09:39:27.134705-05,308200,70.9797657082002,74.034620505992,89.4736842105263,,
2024-02-06 14:38:26.982257-05,306008,70.9797657082002,74.167776298269,89.4736842105263,,
2024-03-01 22:53:14.395362-05,356916,70.9904153354633,73.3688415446072,94.7368421052632,,
2023-12-24 08:24:27.584305-05,355028,71.0010649627263,73.3688415446072,94.7368421052632,,
2023-12-24 15:49:23.011552-05,355036,71.0117145899894,73.3688415446072,94.7368421052632,,
2024-03-01 13:35:29.993567-05,356904,71.3205537806177,73.7683089214381,94.7368421052632,,
2024-02-12 10:26:53.103192-05,303688,71.5441959531416,74.4340878828229,89.4736842105263,,
2024-02-12 10:39:51.340003-05,304720,71.5761448349308,75.0998668442077,89.4736842105263,,
2024-02-12 10:38:58.412454-05,304660,71.618743343983,75.0998668442077,89.4736842105263,,
2024-02-12 10:38:52.216896-05,304653,71.629392971246,75.0998668442077,89.4736842105263,,
2024-02-12 10:38:27.641535-05,304624,71.6506922257721,75.0998668442077,89.4736842105263,,
2024-02-12 10:38:28.532365-05,304625,71.6613418530351,75.0998668442077,89.4736842105263,,
2023-07-19 15:58:07.23725-04,311209,71.7145899893504,74.167776298269,94.7368421052632,,
2023-07-19 16:03:16.75111-04,311211,71.7252396166134,74.167776298269,94.7368421052632,,
2024-02-12 10:38:24.064042-05,304606,71.7678381256656,75.0998668442077,89.4736842105263,,
2024-04-23 04:27:05.738785-04,358248,71.7784877529286,74.3009320905459,100,,
2024-04-24 02:54:02.281779-04,358275,71.7997870074547,74.3009320905459,100,,
2024-04-22 13:04:27.480375-04,358230,71.8104366347178,74.3009320905459,100,,among earliest runs with 100 crate cov
2024-02-12 10:38:24.932177-05,304616,71.8210862619808,75.0998668442077,89.4736842105263,,
2024-04-24 03:15:22.120098-04,358273,71.8317358892439,74.3009320905459,100,,
2024-04-22 14:32:50.803649-04,358231,71.8423855165069,74.3009320905459,100,,
2024-02-12 10:26:42.507803-05,303675,71.8423855165069,74.8335552596538,89.4736842105263,,
2024-04-22 15:02:38.901067-04,358229,71.85303514377,74.3009320905459,100,,
2024-04-24 02:40:11.939806-04,358270,71.8743343982961,74.3009320905459,100,,
2024-04-24 10:50:24.997916-04,358288,71.8849840255591,74.3009320905459,100,,
2024-04-23 23:25:55.697728-04,358266,71.8956336528222,74.3009320905459,100,,
2024-07-30 22:35:33.48732-04,361014,71.8956336528222,74.5672436750999,100,,
2024-07-31 00:39:49.554082-04,361016,71.9062832800852,74.5672436750999,100,,
2024-02-12 10:26:31.89976-05,303661,71.9275825346113,74.9667110519308,89.4736842105263,,
2024-02-12 10:25:31.791209-05,303584,72.0021299254526,75.0998668442077,89.4736842105263,,
2024-02-12 10:25:08.033233-05,303557,72.0127795527157,75.0998668442077,89.4736842105263,,
2024-04-15 09:53:08.595955-04,358023,72.0234291799787,74.7003994673768,94.7368421052632,,
2023-07-18 01:32:23.620284-04,311155,72.0340788072417,74.3009320905459,94.7368421052632,,
2024-04-15 08:48:11.941814-04,358022,72.0340788072417,74.7003994673768,94.7368421052632,,
2023-07-17 04:39:22.972945-04,311131,72.0447284345048,74.3009320905459,94.7368421052632,,
2024-04-16 18:49:49.009595-04,358056,72.0447284345048,74.7003994673768,94.7368421052632,,
2024-04-17 04:54:11.312947-04,358066,72.0553780617678,74.7003994673768,94.7368421052632,,
2024-08-17 22:20:30.312594-04,361479,72.0553780617678,74.8335552596538,100,,
2024-02-12 10:38:13.366816-05,304591,72.0553780617678,75.3661784287617,89.4736842105263,,
2023-07-17 15:56:26.607053-04,311146,72.0660276890309,74.3009320905459,94.7368421052632,,
2023-07-19 15:16:40.801608-04,311204,72.0660276890309,74.4340878828229,94.7368421052632,,
2024-08-16 09:15:26.897573-04,361442,72.0660276890309,74.8335552596538,100,,
2024-02-12 10:38:06.310862-05,304582,72.0660276890309,75.3661784287617,89.4736842105263,,
2023-07-17 05:39:01.570946-04,311132,72.0766773162939,74.3009320905459,94.7368421052632,,
2023-07-17 14:27:48.991313-04,311142,72.0766773162939,74.4340878828229,94.7368421052632,,
2024-04-25 00:42:00.178523-04,358309,72.0766773162939,74.4340878828229,100,,
2024-04-16 22:49:46.195699-04,358060,72.0766773162939,74.7003994673768,94.7368421052632,,
2024-08-19 02:20:58.110788-04,361507,72.0766773162939,74.8335552596538,100,,
2023-07-16 00:21:18.848222-04,311100,72.087326943557,74.4340878828229,94.7368421052632,,
2024-04-25 09:31:06.424799-04,358316,72.087326943557,74.5672436750999,100,,
2024-08-15 10:34:24.104252-04,361418,72.087326943557,74.9667110519308,100,,
2023-07-14 15:49:22.31425-04,311067,72.09797657082,74.4340878828229,94.7368421052632,,
2024-04-25 04:26:50.906644-04,358311,72.09797657082,74.5672436750999,100,,
2024-04-14 00:31:07.947968-04,357988,72.09797657082,74.8335552596538,94.7368421052632,,
2024-08-15 11:34:17.144003-04,361420,72.09797657082,74.9667110519308,100,,
2024-04-26 00:45:54.648468-04,358332,72.1086261980831,74.5672436750999,100,,
2024-04-14 02:26:55.510694-04,357990,72.1086261980831,74.8335552596538,94.7368421052632,,
2024-04-27 00:43:15.085374-04,358356,72.1192758253461,74.5672436750999,100,,
2024-02-12 10:37:49.547708-05,304549,72.1192758253461,75.2330226364847,89.4736842105263,,
2024-04-27 01:43:22.242706-04,358357,72.1299254526092,74.5672436750999,100,,
2024-02-12 10:37:50.429315-05,304550,72.1299254526092,75.3661784287617,89.4736842105263,,
2024-04-26 04:42:50.749928-04,358336,72.1405750798722,74.5672436750999,100,,
2024-02-12 10:37:48.63459-05,304545,72.1405750798722,75.3661784287617,89.4736842105263,,
2024-08-15 12:52:17.920759-04,361417,72.1512247071353,74.9667110519308,100,,
2024-02-12 10:38:05.43363-05,304580,72.1512247071353,75.3661784287617,89.4736842105263,,
2023-07-13 16:26:39.131336-04,311042,72.1618743343983,74.5672436750999,94.7368421052632,,
2024-04-24 20:04:28.033898-04,358301,72.1618743343983,74.5672436750999,100,,
2024-08-16 08:20:47.890127-04,361439,72.1618743343983,74.9667110519308,100,,
2024-02-12 10:37:54.843854-05,304555,72.1618743343983,75.3661784287617,89.4736842105263,,
2024-04-24 17:05:25.356094-04,358296,72.1725239616613,74.5672436750999,100,,
2024-04-13 08:02:09.144972-04,357973,72.1725239616613,74.8335552596538,94.7368421052632,,
2024-02-12 10:37:53.089869-05,304553,72.1725239616613,75.3661784287617,89.4736842105263,,
2024-04-12 15:48:27.197363-04,357949,72.1938232161874,74.8335552596538,94.7368421052632,,
2023-07-24 22:06:17.440547-04,350116,72.2044728434505,74.3009320905459,94.7368421052632,,
2023-07-24 04:21:32.360336-04,350093,72.2044728434505,74.4340878828229,94.7368421052632,,
2024-07-27 01:31:28.153845-04,360917,72.2044728434505,74.8335552596538,100,,
2023-07-25 07:21:09.769052-04,350130,72.2151224707135,74.3009320905459,94.7368421052632,,
2024-04-07 12:46:46.205945-04,357819,72.2151224707135,74.8335552596538,94.7368421052632,,
2024-08-01 03:59:56.776981-04,361055,72.2151224707135,74.9667110519308,100,,
2024-04-12 06:44:49.516562-04,357939,72.2257720979766,74.8335552596538,94.7368421052632,,
2024-07-28 05:06:12.178185-04,360945,72.2257720979766,74.8335552596538,100,,
2024-08-01 01:03:02.289893-04,361052,72.2257720979766,74.9667110519308,100,,
2023-07-25 07:23:44.717031-04,350127,72.2364217252396,74.3009320905459,94.7368421052632,,
2023-07-22 00:21:22.375089-04,350041,72.2364217252396,74.4340878828229,94.7368421052632,,
2024-04-05 18:03:53.91477-04,357767,72.2364217252396,74.8335552596538,94.7368421052632,,
2024-07-22 16:30:03.607423-04,360811,72.2364217252396,74.8335552596538,100,,
2024-08-03 07:05:46.23821-04,361110,72.2364217252396,74.9667110519308,100,,
2023-07-22 01:20:36.957415-04,350042,72.2470713525027,74.4340878828229,94.7368421052632,,
2024-04-05 11:06:34.37752-04,357759,72.2470713525027,74.8335552596538,94.7368421052632,,
2024-07-22 09:26:39.839246-04,360804,72.2470713525027,74.8335552596538,100,,
2024-04-12 09:17:52.242775-04,357942,72.2577209797657,74.8335552596538,94.7368421052632,,
2024-04-11 16:51:43.261516-04,357923,72.2683706070288,74.8335552596538,94.7368421052632,,
2024-04-09 22:33:18.533266-04,357878,72.2790202342918,74.8335552596538,94.7368421052632,,
2024-07-22 04:41:16.554955-04,360792,72.2790202342918,74.9667110519308,100,,
2024-04-10 15:30:45.458975-04,357895,72.2896698615549,74.8335552596538,94.7368421052632,,
2024-08-24 22:37:14.585984-04,361663,72.2896698615549,74.9667110519308,100,,
2024-07-31 23:10:02.413142-04,361050,72.2896698615549,75.0998668442077,100,,
2023-07-21 15:08:02.380438-04,350033,72.3003194888179,74.5672436750999,94.7368421052632,,
2024-08-23 05:25:31.500515-04,361622,72.3003194888179,74.9667110519308,100,,
2024-07-31 19:08:05.830631-04,361045,72.3003194888179,75.0998668442077,100,,
2023-07-20 13:35:26.564999-04,311253,72.3109691160809,74.4340878828229,94.7368421052632,,
2024-08-23 09:38:40.613564-04,361626,72.3109691160809,74.9667110519308,100,,
2023-07-20 16:50:55.861481-04,350000,72.321618743344,74.4340878828229,94.7368421052632,,
2023-07-21 15:04:19.917276-04,350030,72.321618743344,74.5672436750999,94.7368421052632,,
2023-07-11 15:44:42.575462-04,310988,72.321618743344,74.8335552596538,94.7368421052632,,
2024-07-19 01:21:02.472496-04,360710,72.321618743344,74.9667110519308,100,,
2023-07-21 03:46:13.385394-04,350013,72.332268370607,74.5672436750999,94.7368421052632,,
2023-07-11 16:25:14.521154-04,310987,72.332268370607,74.8335552596538,94.7368421052632,,
2024-07-18 09:25:56.995729-04,360694,72.332268370607,74.9667110519308,100,,
2023-07-13 08:33:43.935005-04,311033,72.3429179978701,74.8335552596538,94.7368421052632,,
2024-07-22 06:19:13.285779-04,360787,72.3429179978701,74.9667110519308,100,,
2024-02-12 10:35:12.483354-05,304359,72.3535676251331,75.6324900133156,89.4736842105263,,
2024-02-12 10:35:11.599615-05,304358,72.3748668796592,75.6324900133156,89.4736842105263,,
2024-02-12 10:35:58.674228-05,304411,72.3855165069223,75.6324900133156,89.4736842105263,,
2024-02-12 10:36:27.108651-05,304449,72.3961661341853,75.6324900133156,89.4736842105263,,
2024-02-12 10:35:35.370808-05,304379,72.4068157614484,75.6324900133156,89.4736842105263,,
2024-02-12 10:35:34.470682-05,304378,72.4174653887114,75.6324900133156,89.4736842105263,,
2024-02-12 10:34:19.212141-05,304287,72.4281150159744,75.4993342210386,89.4736842105263,,
2024-01-19 14:04:12.041902-05,355753,72.4600638977636,74.8335552596538,89.4736842105263,,
2024-09-30 04:53:57.066305-04,362662,72.4813631522897,75.4993342210386,100,,
2024-01-19 17:15:29.882071-05,355755,72.5026624068158,74.8335552596538,89.4736842105263,,
2024-08-22 05:37:17.078223-04,361593,72.5026624068158,75.3661784287617,100,,
2024-01-20 14:45:06.770796-05,355777,72.5133120340788,74.8335552596538,89.4736842105263,,
2024-01-19 23:05:11.562214-05,355761,72.5239616613419,74.8335552596538,89.4736842105263,,
2024-05-07 02:30:27.209238-04,358633,72.5239616613419,75.4993342210386,94.7368421052632,,
2024-09-28 16:48:18.430112-04,362622,72.5239616613419,75.4993342210386,100,,
2024-01-19 20:07:07.560004-05,355758,72.5346112886049,74.8335552596538,89.4736842105263,,
2024-08-22 10:11:22.850007-04,361602,72.5346112886049,75.3661784287617,100,,
2024-01-19 18:13:49.570533-05,355756,72.5452609158679,74.8335552596538,89.4736842105263,,
2024-04-04 03:34:10.134275-04,357714,72.5452609158679,75.0998668442077,94.7368421052632,,
2024-08-21 18:47:48.896488-04,361579,72.5452609158679,75.3661784287617,100,,
2024-05-07 02:27:48.124552-04,358634,72.5452609158679,75.4993342210386,94.7368421052632,,
2024-01-26 00:11:49.339097-05,355912,72.555910543131,74.8335552596538,89.4736842105263,,
2024-01-23 21:15:14.267979-05,355858,72.566560170394,74.8335552596538,89.4736842105263,,
2023-07-10 22:23:14.338733-04,310954,72.566560170394,75.0998668442077,94.7368421052632,,
2024-05-03 04:23:04.126776-04,358536,72.566560170394,75.4993342210386,94.7368421052632,,
2024-01-23 01:18:10.699741-05,355838,72.5772097976571,74.8335552596538,89.4736842105263,,
2024-04-04 14:17:50.663251-04,357733,72.5772097976571,75.0998668442077,94.7368421052632,,
2024-09-03 21:52:49.591559-04,361921,72.5772097976571,75.3661784287617,100,,
2024-05-03 12:23:16.862298-04,358544,72.5772097976571,75.4993342210386,94.7368421052632,,
2023-07-11 08:56:55.268474-04,310977,72.5878594249201,75.0998668442077,94.7368421052632,,
2024-08-28 10:52:11.160393-04,361762,72.5878594249201,75.3661784287617,100,,
2024-05-05 17:21:14.022606-04,358597,72.5878594249201,75.4993342210386,94.7368421052632,,
2023-07-10 16:12:43.13551-04,310943,72.5985090521832,75.0998668442077,94.7368421052632,,
2024-04-30 10:53:19.383948-04,358453,72.5985090521832,75.3661784287617,100,,
2024-05-02 09:49:38.92486-04,358518,72.5985090521832,75.4993342210386,94.7368421052632,,
2024-04-04 12:35:15.095054-04,357728,72.6091586794462,75.0998668442077,94.7368421052632,,
2024-08-26 14:52:50.337851-04,361706,72.6091586794462,75.3661784287617,100,,
2024-05-02 23:23:00.619633-04,358531,72.6091586794462,75.4993342210386,94.7368421052632,,
2024-04-04 04:49:18.660965-04,357712,72.6198083067093,75.0998668442077,94.7368421052632,,
2024-08-26 12:50:41.229686-04,361704,72.6198083067093,75.3661784287617,100,,
2024-05-02 18:19:39.938403-04,358526,72.6198083067093,75.4993342210386,94.7368421052632,,
2024-01-09 12:35:50.164272-05,355478,72.6304579339723,75.0998668442077,89.4736842105263,,
2024-07-17 10:43:25.189811-04,360670,72.6411075612354,75.3661784287617,100,,
2024-07-17 11:53:54.942853-04,360671,72.6517571884984,75.3661784287617,100,,
2024-04-30 12:58:12.473647-04,358454,72.6624068157614,75.3661784287617,100,,
2024-07-16 14:49:05.067322-04,360651,72.6837060702875,75.4993342210386,100,,
2024-07-16 00:51:24.411773-04,360629,72.7050053248136,75.4993342210386,100,,
2024-07-15 23:49:10.894611-04,360628,72.7156549520767,75.4993342210386,100,,
2024-07-16 02:52:30.457814-04,360631,72.7263045793397,75.4993342210386,100,,
2024-02-12 10:33:51.43116-05,304252,72.7263045793397,75.8988015978695,89.4736842105263,,
2024-07-17 01:03:37.986237-04,360659,72.7369542066028,75.4993342210386,100,,
2024-02-12 10:34:08.995232-05,304275,72.7369542066028,75.8988015978695,89.4736842105263,,
2024-02-12 10:33:49.712807-05,304247,72.7476038338658,76.0319573901465,89.4736842105263,,
2023-06-07 11:31:04.185218-04,309948,72.7689030883919,75.7656458055925,94.7368421052632,,
2023-06-07 11:35:40.440997-04,309958,72.7689030883919,75.8988015978695,94.7368421052632,,
2024-02-12 10:33:48.848759-05,304246,72.7689030883919,76.0319573901465,89.4736842105263,,
2023-06-07 10:29:42.625888-04,309980,72.7795527156549,75.8988015978695,94.7368421052632,,
2024-07-15 19:13:59.947569-04,360623,72.790202342918,75.6324900133156,100,,
2023-06-06 12:03:00.236687-04,309971,72.790202342918,75.8988015978695,94.7368421052632,,
2024-09-27 20:32:07.563478-04,362600,72.790202342918,75.8988015978695,100,,
2024-02-12 10:33:22.129733-05,304186,72.790202342918,76.1651131824234,89.4736842105263,,
2024-06-03 01:36:36.56385-04,359541,72.800851970181,75.6324900133156,100,,
2024-02-12 10:33:47.964195-05,304245,72.800851970181,76.0319573901465,89.4736842105263,,
2023-06-17 20:43:14.179203-04,310332,72.8115015974441,75.3661784287617,94.7368421052632,,
2024-02-12 10:33:43.537064-05,304238,72.8115015974441,76.0319573901465,89.4736842105263,,
2023-06-18 03:46:08.091208-04,310339,72.8221512247071,75.3661784287617,94.7368421052632,,
2023-06-17 01:14:01.82303-04,310274,72.8328008519702,75.3661784287617,94.7368421052632,,
2024-04-17 13:10:14.0124-04,358082,72.8328008519702,75.4993342210386,100,,
2024-06-02 02:44:16.135987-04,359515,72.8328008519702,75.6324900133156,100,,
2024-09-25 07:19:43.085425-04,362528,72.8328008519702,75.8988015978695,100,,
2024-06-01 14:36:36.517607-04,359503,72.8434504792332,75.6324900133156,100,,
2024-09-25 00:28:15.227893-04,362521,72.8434504792332,75.8988015978695,100,,
2024-02-12 10:33:50.569603-05,304250,72.8434504792332,76.0319573901465,89.4736842105263,,
2024-02-04 09:44:56.487018-05,356183,72.8541001064963,75.3661784287617,89.4736842105263,,
2024-02-06 00:23:09.399635-05,356223,72.8647497337593,75.3661784287617,89.4736842105263,,
2023-06-17 02:50:39.920528-04,310280,72.8753993610224,75.4993342210386,94.7368421052632,,
2024-04-17 13:14:12.193131-04,358081,72.8753993610224,75.4993342210386,100,,
2024-02-04 16:41:51.491278-05,356189,72.8860489882854,75.3661784287617,89.4736842105263,,
2024-01-30 21:09:08.309369-05,356060,72.8966986155485,75.3661784287617,89.4736842105263,,
2023-06-17 02:20:14.520295-04,310278,72.8966986155485,75.6324900133156,94.7368421052632,,
2024-01-16 14:20:19.316204-05,355510,72.9073482428115,75.3661784287617,89.4736842105263,,
2024-01-09 22:32:57.803563-05,355492,72.9179978700745,75.3661784287617,89.4736842105263,,
2024-09-24 19:59:04.413046-04,362516,72.9179978700745,75.8988015978695,100,,
2024-04-03 22:42:21.238271-04,357705,72.9286474973376,75.2330226364847,94.7368421052632,,
2024-01-11 23:49:22.996258-05,355544,72.9286474973376,75.3661784287617,89.4736842105263,,
2023-07-07 00:52:17.373159-04,310846,72.9286474973376,75.4993342210386,94.7368421052632,,
2024-09-24 13:34:25.357576-04,362509,72.9286474973376,75.8988015978695,100,,
2024-04-02 20:11:00.864342-04,357677,72.9392971246006,75.2330226364847,94.7368421052632,,
2024-01-14 02:50:47.274313-05,355596,72.9392971246006,75.3661784287617,89.4736842105263,,
2024-04-17 14:50:36.744847-04,358080,72.9392971246006,75.4993342210386,100,,
2024-01-09 15:25:39.947613-05,355486,72.9499467518637,75.3661784287617,89.4736842105263,,
2024-04-02 18:39:02.178943-04,357673,72.9712460063898,75.2330226364847,94.7368421052632,,
2024-04-17 21:15:43.498488-04,358088,72.9712460063898,75.4993342210386,100,,
2024-04-02 18:13:17.344979-04,357672,72.9818956336528,75.2330226364847,94.7368421052632,,
2024-04-18 02:00:56.365707-04,358093,72.9818956336528,75.4993342210386,100,,
2024-02-13 10:40:48.104214-05,356429,73.0457933972311,75.6324900133156,89.4736842105263,,
2024-06-01 11:03:36.532239-04,359501,73.0777422790202,75.8988015978695,100,,
2024-03-25 14:50:11.332922-04,357413,73.0883919062833,75.6324900133156,94.7368421052632,,
2024-02-10 02:50:47.5526-05,356340,73.1096911608094,75.6324900133156,89.4736842105263,,
2024-05-14 09:47:50.507689-04,359024,73.1096911608094,76.0319573901465,100,,
2024-03-21 07:52:26.844464-04,357295,73.1203407880724,75.6324900133156,94.7368421052632,,
2024-05-13 16:36:13.216096-04,359003,73.1203407880724,76.0319573901465,100,,
2024-02-09 20:53:43.188453-05,356334,73.1309904153355,75.6324900133156,89.4736842105263,,
2024-03-18 15:37:25.928844-04,357215,73.1309904153355,75.6324900133156,94.7368421052632,,
2024-02-09 13:11:18.876287-05,356323,73.1309904153355,75.7656458055925,89.4736842105263,,
2024-05-14 12:51:02.919914-04,359027,73.1309904153355,76.0319573901465,100,,
2024-09-15 08:13:56.13561-04,362118,73.1309904153355,76.2982689747004,100,,
2024-02-09 19:48:33.015878-05,356333,73.1416400425985,75.6324900133156,89.4736842105263,,
2024-03-25 21:40:28.471438-04,357422,73.1416400425985,75.6324900133156,94.7368421052632,,
2024-05-31 14:17:32.67814-04,359477,73.1416400425985,75.8988015978695,100,,
2024-05-14 03:40:38.862078-04,359014,73.1416400425985,76.0319573901465,100,,
2023-07-06 21:38:25.833121-04,310842,73.1522896698616,75.6324900133156,94.7368421052632,,
2024-05-30 14:18:06.094534-04,359453,73.1522896698616,75.8988015978695,100,,
2024-05-15 18:43:02.759641-04,359074,73.1522896698616,76.0319573901465,100,,
2024-03-19 23:47:54.305116-04,357261,73.1629392971246,75.6324900133156,94.7368421052632,,
2024-01-29 16:25:19.56797-05,356014,73.1629392971246,75.7656458055925,89.4736842105263,,
2023-06-17 01:53:18.77497-04,310276,73.1629392971246,75.8988015978695,94.7368421052632,,
2024-05-13 17:23:54.216926-04,359004,73.1629392971246,76.0319573901465,100,,
2024-09-16 03:37:59.078633-04,362291,73.1629392971246,76.1651131824234,100,,
2024-03-22 00:05:24.675771-04,357315,73.1735889243876,75.6324900133156,94.7368421052632,,
2024-01-29 20:52:54.237662-05,356018,73.1735889243876,75.7656458055925,89.4736842105263,,
2024-05-13 13:40:20.817436-04,359000,73.1735889243876,76.0319573901465,100,,
2024-09-20 22:50:49.111237-04,362303,73.1735889243876,76.1651131824234,100,,
2024-02-11 05:09:58.155849-05,356368,73.1842385516507,75.6324900133156,89.4736842105263,,
2024-03-26 01:56:47.752056-04,357427,73.1842385516507,75.6324900133156,94.7368421052632,,
2024-01-29 21:29:21.991425-05,356019,73.1842385516507,75.7656458055925,89.4736842105263,,
2024-05-21 20:35:24.920725-04,359221,73.1842385516507,76.0319573901465,100,,
2024-09-05 10:30:30.547321-04,361968,73.1842385516507,76.2982689747004,100,,
2024-03-24 13:42:51.917354-04,357246,73.1948881789137,75.6324900133156,94.7368421052632,,
2024-02-06 18:34:23.016315-05,356244,73.1948881789137,75.7656458055925,89.4736842105263,,
2024-05-10 18:05:18.395482-04,358930,73.1948881789137,76.0319573901465,100,,
2024-05-08 08:36:50.989315-04,358868,73.1948881789137,76.1651131824234,100,,
2024-01-29 23:29:14.49855-05,356021,73.2055378061768,75.7656458055925,89.4736842105263,,
2023-07-05 09:58:13.457149-04,310797,73.2055378061768,75.7656458055925,94.7368421052632,,
2024-05-10 20:05:45.401184-04,358932,73.2055378061768,76.0319573901465,100,,
2024-09-13 09:09:08.030723-04,362223,73.2055378061768,76.1651131824234,100,,
2023-07-02 00:14:13.364511-04,310703,73.2161874334398,75.6324900133156,94.7368421052632,,
2024-02-06 14:28:15.578807-05,356240,73.2161874334398,75.7656458055925,89.4736842105263,,
2023-06-29 13:10:49.852506-04,310638,73.2161874334398,75.7656458055925,94.7368421052632,,
2024-05-10 22:06:19.099947-04,358934,73.2161874334398,76.0319573901465,100,,
2024-09-24 09:38:07.58435-04,362506,73.2161874334398,76.1651131824234,100,,
2023-06-28 16:28:36.621841-04,310616,73.2268370607029,75.7656458055925,94.7368421052632,,
2024-05-11 09:06:28.058354-04,358945,73.2268370607029,76.0319573901465,100,,
2024-05-08 10:46:03.110823-04,358872,73.2268370607029,76.1651131824234,100,,
2023-06-30 02:16:54.67731-04,310654,73.2374866879659,75.7656458055925,94.7368421052632,,
2024-05-12 13:09:13.314308-04,358973,73.2374866879659,76.0319573901465,100,,
2024-09-13 12:23:18.715471-04,362225,73.2374866879659,76.1651131824234,100,,
2024-05-27 00:09:48.042446-04,359355,73.248136315229,76.0319573901465,100,,
2024-09-13 15:30:48.443938-04,362228,73.248136315229,76.1651131824234,100,,
2024-09-05 12:49:29.169033-04,361969,73.248136315229,76.2982689747004,100,,
2024-05-10 15:08:09.790551-04,358928,73.258785942492,76.1651131824234,100,,
2024-05-07 06:08:56.689611-04,358638,73.2694355697551,76.1651131824234,100,,
2024-02-15 06:37:24.504006-05,356509,73.2800851970181,75.3661784287617,94.7368421052632,,
2023-06-20 20:16:18.81404-04,310410,73.2800851970181,75.8988015978695,94.7368421052632,,
2023-06-20 23:25:08.102547-04,310417,73.2800851970181,76.0319573901465,94.7368421052632,,
2024-05-07 05:34:38.757949-04,358640,73.2800851970181,76.1651131824234,100,,
2024-09-15 09:04:35.127336-04,362147,73.2800851970181,76.2982689747004,100,,
2023-06-20 17:20:48.144122-04,310406,73.2907348242811,75.8988015978695,94.7368421052632,,
2023-06-20 21:01:14.337253-04,310413,73.2907348242811,76.0319573901465,94.7368421052632,,
2024-05-10 04:22:45.301793-04,358914,73.2907348242811,76.1651131824234,100,,
2024-09-15 08:19:02.789337-04,362121,73.2907348242811,76.2982689747004,100,,
2023-06-18 05:59:42.457549-04,310344,73.3013844515442,76.0319573901465,94.7368421052632,,
2024-05-10 03:19:43.868337-04,358913,73.3013844515442,76.1651131824234,100,,
2024-09-15 09:06:54.588643-04,362148,73.3013844515442,76.2982689747004,100,,
2023-06-18 05:00:39.262575-04,310343,73.3120340788072,76.0319573901465,94.7368421052632,,
2024-05-09 12:19:16.157806-04,358898,73.3120340788072,76.1651131824234,100,,
2024-09-09 19:01:38.224673-04,362099,73.3120340788072,76.2982689747004,100,,
2024-02-15 11:13:09.733453-05,356518,73.3226837060703,75.3661784287617,94.7368421052632,,
2024-09-15 08:21:35.69079-04,362122,73.3226837060703,76.2982689747004,100,,
2023-06-18 02:19:01.229085-04,310341,73.3652822151225,76.1651131824234,94.7368421052632,,
2024-09-09 14:21:16.639785-04,362093,73.3865814696486,76.4314247669774,100,,
2024-09-09 11:21:17.119152-04,362085,73.3972310969116,76.4314247669774,100,,
2024-09-07 21:21:17.923064-04,362047,73.4078807241747,76.4314247669774,100,,
2024-03-06 01:16:29.554647-05,357030,73.4291799787007,75.8988015978695,94.7368421052632,,
2023-06-16 13:13:40.950154-04,310201,73.4291799787007,76.2982689747004,94.7368421052632,,
2024-02-12 17:04:41.904334-05,308867,73.4291799787007,77.4966711051931,94.7368421052632,,
2023-06-13 06:15:04.627901-04,310122,73.4398296059638,76.2982689747004,94.7368421052632,,
2024-02-12 17:04:37.454161-05,308861,73.4398296059638,77.4966711051931,94.7368421052632,,
2023-06-13 06:15:03.800051-04,310121,73.4504792332268,76.2982689747004,94.7368421052632,,
2023-12-03 17:53:34.990333-05,354022,73.4611288604899,75.8988015978695,94.7368421052632,,
2023-06-13 06:15:05.456179-04,310123,73.4611288604899,76.2982689747004,94.7368421052632,,
2024-07-04 01:41:42.100918-04,360325,73.4611288604899,76.2982689747004,100,,
2023-06-16 13:13:37.269845-04,310138,73.4717784877529,76.2982689747004,94.7368421052632,,
2024-07-03 11:44:26.369574-04,360308,73.4717784877529,76.2982689747004,100,,
2023-12-03 17:57:22.700363-05,354023,73.482428115016,75.8988015978695,94.7368421052632,,
2023-06-13 06:14:49.608126-04,310104,73.482428115016,76.2982689747004,94.7368421052632,,
2024-07-03 13:50:34.833849-04,360310,73.482428115016,76.2982689747004,100,,
2024-05-21 12:54:18.415184-04,359214,73.482428115016,76.4314247669774,100,,
2024-03-04 15:49:36.425416-05,356985,73.493077742279,75.8988015978695,94.7368421052632,,
2024-05-21 14:07:22.536109-04,359216,73.493077742279,76.4314247669774,100,,
2023-12-23 08:05:57.415735-05,355004,73.5037273695421,75.8988015978695,94.7368421052632,,
2024-04-30 18:34:29.041464-04,358469,73.5037273695421,76.4314247669774,100,,
2023-12-23 07:50:47.268403-05,355001,73.5143769968051,75.8988015978695,94.7368421052632,,
2024-04-30 21:41:49.268892-04,358472,73.5143769968051,76.4314247669774,100,,
2024-03-11 20:39:08.688307-04,357175,73.5250266240682,75.8988015978695,94.7368421052632,,
2024-06-25 04:42:18.085845-04,360109,73.5250266240682,76.4314247669774,100,,
2024-02-15 06:37:41.16881-05,356508,73.5356762513312,75.6324900133156,94.7368421052632,,
2024-02-15 10:39:50.079997-05,356522,73.5356762513312,75.7656458055925,94.7368421052632,,
2023-12-22 17:25:04.756088-05,354983,73.5356762513312,75.8988015978695,94.7368421052632,,
2024-04-30 22:40:43.35777-04,358473,73.5356762513312,76.4314247669774,100,,
2024-04-30 15:32:41.051758-04,358467,73.5356762513312,76.5645805592543,100,,
2024-02-17 22:26:43.300983-05,356581,73.5463258785943,75.7656458055925,94.7368421052632,,
2023-12-22 17:22:33.360317-05,354982,73.5463258785943,75.8988015978695,94.7368421052632,,
2024-05-01 07:40:52.373748-04,358482,73.5463258785943,76.4314247669774,100,,
2024-02-15 22:58:04.549901-05,356532,73.5569755058573,75.7656458055925,94.7368421052632,,
2023-12-22 15:51:00.204002-05,354975,73.5569755058573,75.8988015978695,94.7368421052632,,
2024-06-17 18:40:51.529102-04,359918,73.5569755058573,76.4314247669774,100,,
2024-02-14 11:43:13.913074-05,356479,73.5676251331203,75.6324900133156,94.7368421052632,,
2024-04-30 12:59:04.390749-04,358462,73.5676251331203,76.6977363515313,100,,
2024-02-14 18:19:00.81471-05,356485,73.5782747603834,75.6324900133156,94.7368421052632,,
2024-02-15 14:00:00.073439-05,356523,73.5782747603834,75.7656458055925,94.7368421052632,,
2023-12-18 15:29:33.153356-05,354869,73.5782747603834,75.8988015978695,94.7368421052632,,
2023-12-18 14:30:17.57349-05,354867,73.5889243876464,75.8988015978695,94.7368421052632,,
2023-12-22 18:06:06.597759-05,354988,73.5995740149095,75.8988015978695,94.7368421052632,,
2024-02-13 05:27:42.077086-05,309391,73.5995740149095,76.9640479360852,94.7368421052632,,
2023-12-20 13:23:29.466804-05,354920,73.6102236421725,75.8988015978695,94.7368421052632,,
2024-09-07 13:43:08.355352-04,362041,73.6208732694356,76.6977363515313,100,,
2023-12-18 10:56:47.716301-05,354861,73.6421725239617,75.8988015978695,94.7368421052632,,
2024-09-07 14:08:32.957451-04,362037,73.6421725239617,76.6977363515313,100,,
2024-09-07 15:05:06.201437-04,362039,73.6528221512247,76.6977363515313,100,,
2024-04-30 16:06:53.485089-04,358465,73.6634717784878,76.6977363515313,100,,
2023-12-18 16:07:42.605817-05,354865,73.6741214057508,75.8988015978695,94.7368421052632,,
2023-12-05 11:11:29.71248-05,354092,73.6741214057508,76.0319573901465,94.7368421052632,,
2024-09-07 10:30:46.309559-04,362033,73.6741214057508,76.6977363515313,100,,
2023-12-20 04:24:06.98544-05,354905,73.6847710330138,75.8988015978695,94.7368421052632,,
2023-12-11 18:58:43.716571-05,354443,73.6847710330138,76.0319573901465,94.7368421052632,,
2024-09-07 10:25:48.130502-04,362031,73.6847710330138,76.6977363515313,100,,
2024-09-07 10:40:58.509358-04,362035,73.6954206602769,76.6977363515313,100,,
2023-09-09 01:59:37.691898-04,351511,73.7060702875399,75.8988015978695,94.7368421052632,,
2023-12-07 12:13:25.92436-05,354144,73.7060702875399,76.0319573901465,94.7368421052632,,
2024-09-07 10:37:12.093405-04,362032,73.7060702875399,76.6977363515313,100,,
2023-09-07 12:31:53.258621-04,351472,73.716719914803,75.8988015978695,94.7368421052632,,
2023-12-04 19:42:05.695882-05,354069,73.716719914803,76.0319573901465,94.7368421052632,,
2024-09-07 11:52:17.448478-04,362030,73.716719914803,76.6977363515313,100,,
2023-09-07 14:28:23.771402-04,351474,73.727369542066,75.8988015978695,94.7368421052632,,
2023-12-08 11:03:04.246923-05,354352,73.727369542066,76.0319573901465,94.7368421052632,,
2023-09-07 00:40:19.162899-04,351459,73.7380191693291,75.8988015978695,94.7368421052632,,
2023-12-18 06:26:00.838855-05,354854,73.7380191693291,76.0319573901465,94.7368421052632,,
2023-12-01 09:49:07.941784-05,353957,73.7380191693291,76.1651131824234,94.7368421052632,,
2024-09-05 22:44:20.436823-04,361992,73.7380191693291,76.8308921438083,100,,
2023-09-09 11:03:53.894245-04,351520,73.7486687965921,76.0319573901465,94.7368421052632,,
2023-12-01 20:27:02.945084-05,353969,73.7486687965921,76.1651131824234,94.7368421052632,,
2023-12-08 08:23:41.624947-05,354349,73.7593184238552,76.0319573901465,94.7368421052632,,
2023-12-04 02:13:11.623144-05,354040,73.7593184238552,76.1651131824234,94.7368421052632,,
2023-12-12 13:59:40.648698-05,354099,73.7699680511182,76.0319573901465,94.7368421052632,,
2023-11-29 11:39:41.358474-05,353900,73.7699680511182,76.1651131824234,94.7368421052632,,
2023-12-03 20:25:11.090988-05,354029,73.7806176783813,76.1651131824234,94.7368421052632,,
2024-09-06 02:05:28.843721-04,361994,73.7806176783813,76.8308921438083,100,,
2024-02-14 09:09:39.765192-05,356473,73.7912673056443,76.0319573901465,94.7368421052632,,
2023-11-30 09:03:12.381071-05,353927,73.7912673056443,76.1651131824234,94.7368421052632,,
2024-09-05 18:51:52.667517-04,361984,73.7912673056443,76.8308921438083,100,,
2023-11-29 10:40:44.602307-05,353902,73.8019169329073,76.1651131824234,94.7368421052632,,
2024-09-06 10:05:42.527594-04,362002,73.8019169329073,76.8308921438083,100,,
2023-11-29 23:34:01.360773-05,353917,73.8125665601704,76.2982689747004,94.7368421052632,,
2023-11-26 13:45:22.015356-05,353812,73.8232161874334,76.0319573901465,94.7368421052632,,
2023-11-29 15:42:12.652006-05,353906,73.8232161874334,76.1651131824234,94.7368421052632,,
2023-11-27 08:21:41.455749-05,353835,73.8338658146965,76.0319573901465,94.7368421052632,,
2023-12-01 01:41:46.000869-05,353944,73.8338658146965,76.1651131824234,94.7368421052632,,
2023-11-29 18:30:22.451407-05,353912,73.8445154419595,76.1651131824234,94.7368421052632,,
2023-11-30 00:34:18.140466-05,353918,73.8551650692226,76.2982689747004,94.7368421052632,,
2023-11-27 03:08:28.872347-05,353828,73.8658146964856,76.0319573901465,94.7368421052632,,
2024-02-13 16:07:16.710965-05,356439,73.8658146964856,76.2982689747004,94.7368421052632,,
2024-09-05 16:46:51.846285-04,361982,73.8658146964856,76.9640479360852,100,,
2023-11-26 14:04:50.65374-05,353808,73.8764643237487,76.0319573901465,94.7368421052632,,
2023-11-26 08:16:59.391006-05,353803,73.8871139510117,76.0319573901465,94.7368421052632,,
2023-11-25 16:07:04.641493-05,353784,73.8977635782747,76.0319573901465,94.7368421052632,,
2024-02-13 18:04:12.151208-05,356441,73.9190628328008,76.2982689747004,94.7368421052632,,
2023-11-24 05:18:24.93329-05,353744,73.9297124600639,76.1651131824234,94.7368421052632,,
2024-02-13 20:06:50.379355-05,356443,73.9403620873269,76.2982689747004,94.7368421052632,,
2023-11-24 12:07:56.611214-05,353753,73.95101171459,76.1651131824234,94.7368421052632,,
2024-02-13 19:03:20.293628-05,356442,73.95101171459,76.2982689747004,94.7368421052632,,
2023-11-24 21:33:51.413473-05,353764,73.9723109691161,76.1651131824234,94.7368421052632,,
2023-11-24 04:31:30.458577-05,353740,73.9829605963791,76.1651131824234,94.7368421052632,,
2024-02-12 16:02:25.686003-05,308746,74.0042598509052,77.2303595206391,94.7368421052632,,
2023-09-05 20:00:59.519967-04,351427,74.0149094781683,76.2982689747004,94.7368421052632,,
2023-11-24 22:22:12.740631-05,353762,74.0255591054313,76.1651131824234,94.7368421052632,,
2023-09-02 23:23:32.038548-04,351355,74.0255591054313,76.2982689747004,94.7368421052632,,
2023-06-13 06:14:47.953451-04,310099,74.0255591054313,77.0972037283622,94.7368421052632,,
2024-02-12 16:02:26.577256-05,308747,74.0255591054313,77.2303595206391,94.7368421052632,,
2023-09-06 15:59:03.829981-04,351448,74.0362087326943,76.1651131824234,94.7368421052632,,
2023-09-04 03:42:46.621235-04,351382,74.0362087326943,76.2982689747004,94.7368421052632,,
2023-10-22 09:44:38.258116-04,352762,74.0362087326943,76.4314247669774,94.7368421052632,,
2023-06-13 06:14:48.774389-04,310100,74.0362087326943,77.0972037283622,94.7368421052632,,
2023-09-03 11:40:23.620314-04,351366,74.0468583599574,76.2982689747004,94.7368421052632,,
2023-09-04 01:48:00.043139-04,351380,74.0575079872204,76.2982689747004,94.7368421052632,,
2023-09-06 09:05:18.91567-04,351440,74.0681576144835,76.4314247669774,94.7368421052632,,
2023-10-22 14:16:32.536676-04,352765,74.0788072417465,76.4314247669774,94.7368421052632,,
2023-11-28 00:23:29.01242-05,353863,74.0894568690096,76.4314247669774,94.7368421052632,,
2023-10-22 15:18:22.375848-04,352766,74.1001064962726,76.4314247669774,94.7368421052632,,
2023-11-28 13:26:52.160824-05,353876,74.1107561235357,76.4314247669774,94.7368421052632,,
2023-10-23 06:16:31.516298-04,352781,74.1107561235357,76.5645805592543,94.7368421052632,,
2023-11-28 05:39:08.694747-05,353866,74.1214057507987,76.4314247669774,94.7368421052632,,
2023-12-03 18:22:20.328-05,354020,74.1214057507987,76.5645805592543,94.7368421052632,,
2023-10-22 05:09:57.148938-04,352756,74.1320553780618,76.4314247669774,94.7368421052632,,
2023-10-21 22:36:17.167035-04,352745,74.1427050053248,76.4314247669774,94.7368421052632,,
2023-10-21 23:21:55.828084-04,352744,74.1533546325879,76.4314247669774,94.7368421052632,,
2023-11-28 07:38:03.641106-05,353868,74.1640042598509,76.4314247669774,94.7368421052632,,
2023-10-21 22:21:53.766217-04,352743,74.185303514377,76.4314247669774,94.7368421052632,,
2023-10-21 18:55:22.256649-04,352740,74.2385516506922,76.5645805592543,94.7368421052632,,
2023-10-21 18:56:28.852138-04,352739,74.2598509052183,76.5645805592543,94.7368421052632,,
2023-06-13 06:14:03.180282-04,310039,74.2811501597444,77.3635153129161,94.7368421052632,,
2023-06-13 06:14:01.518082-04,310037,74.3024494142705,77.3635153129161,94.7368421052632,,
2023-06-13 06:14:45.495294-04,310095,74.3130990415335,77.3635153129161,94.7368421052632,,
2023-09-02 21:07:13.621831-04,351348,74.3237486687966,76.5645805592543,94.7368421052632,,
2024-02-12 10:18:43.033796-05,302962,74.3237486687966,77.62982689747,89.4736842105263,,
2023-09-02 21:50:35.051008-04,351347,74.3343982960596,76.5645805592543,94.7368421052632,,
2024-02-12 10:18:34.170879-05,302952,74.3343982960596,77.62982689747,89.4736842105263,,
2023-09-02 12:02:53.704254-04,351335,74.3450479233227,76.5645805592543,94.7368421052632,,
2024-02-12 10:18:35.064761-05,302953,74.3450479233227,77.62982689747,89.4736842105263,,
2023-09-02 11:01:16.79172-04,351334,74.3556975505857,76.5645805592543,94.7368421052632,,
2023-09-02 09:03:00.477917-04,351332,74.3663471778488,76.5645805592543,94.7368421052632,,
2023-09-01 20:56:06.644754-04,351320,74.3663471778488,76.6977363515313,94.7368421052632,,
2023-10-20 19:24:38.739067-04,352707,74.3663471778488,76.8308921438083,94.7368421052632,,
2024-02-12 10:18:35.948223-05,302954,74.3663471778488,77.62982689747,89.4736842105263,,
2024-02-06 14:40:29.894475-05,306530,74.3769968051118,77.762982689747,94.7368421052632,,
2023-09-18 19:27:58.526845-04,351779,74.3876464323749,76.8308921438083,94.7368421052632,,
2023-09-02 05:11:37.330761-04,351327,74.3982960596379,76.6977363515313,94.7368421052632,,
2023-11-28 14:01:38.323785-05,353850,74.3982960596379,76.8308921438083,94.7368421052632,,
2024-02-12 10:18:32.380707-05,302949,74.3982960596379,77.62982689747,89.4736842105263,,
2023-09-02 00:06:36.057303-04,351322,74.408945686901,76.6977363515313,94.7368421052632,,
2023-10-30 09:06:23.009493-04,352695,74.408945686901,76.8308921438083,94.7368421052632,,
2023-09-02 07:05:22.930758-04,351330,74.419595314164,76.6977363515313,94.7368421052632,,
2023-09-19 14:43:59.874422-04,351802,74.419595314164,76.8308921438083,94.7368421052632,,
2023-09-18 13:30:33.449701-04,351773,74.419595314164,76.9640479360852,94.7368421052632,,
2023-10-30 09:15:53.015229-04,352593,74.430244941427,76.8308921438083,94.7368421052632,,
2023-09-16 16:27:35.607772-04,351727,74.430244941427,76.9640479360852,94.7368421052632,,
2024-02-12 10:18:29.655256-05,302945,74.430244941427,77.62982689747,89.4736842105263,,
2023-10-19 13:16:25.002446-04,352674,74.4408945686901,76.8308921438083,94.7368421052632,,
2023-10-17 03:24:15.995752-04,352610,74.4408945686901,76.9640479360852,94.7368421052632,,
2023-11-22 11:06:56.135983-05,353689,74.4408945686901,77.0972037283622,94.7368421052632,,
2024-02-12 10:18:31.494368-05,302948,74.4408945686901,77.62982689747,89.4736842105263,,
2023-08-30 19:29:27.179973-04,351266,74.4515441959531,76.6977363515313,94.7368421052632,,
2023-11-27 18:54:19.7641-05,353854,74.4515441959531,76.8308921438083,94.7368421052632,,
2023-08-29 11:31:39.143222-04,351234,74.4621938232162,76.5645805592543,94.7368421052632,,
2023-08-30 11:33:13.491879-04,351258,74.4621938232162,76.6977363515313,94.7368421052632,,
2023-08-29 14:35:48.069604-04,351237,74.4728434504792,76.6977363515313,94.7368421052632,,
2023-09-16 09:41:57.582778-04,351718,74.4728434504792,76.9640479360852,94.7368421052632,,
2023-08-28 00:41:00.850068-04,351198,74.4834930777423,76.6977363515313,94.7368421052632,,
2023-09-16 03:07:00.742146-04,351696,74.4834930777423,76.9640479360852,94.7368421052632,,
2023-08-27 22:38:41.691123-04,351196,74.4941427050053,76.8308921438083,94.7368421052632,,
2023-09-15 18:10:05.860993-04,351687,74.4941427050053,76.9640479360852,94.7368421052632,,
2023-09-15 02:11:12.825925-04,351666,74.4941427050053,77.0972037283622,94.7368421052632,,
2023-09-15 06:05:07.960042-04,351675,74.5047923322684,77.0972037283622,94.7368421052632,,
2023-08-20 04:11:24.241776-04,351005,74.5367412140575,76.8308921438083,94.7368421052632,,
2023-08-23 12:05:57.833456-04,351086,74.5473908413205,76.8308921438083,94.7368421052632,,
2023-08-25 03:14:08.731026-04,351126,74.5580404685836,76.8308921438083,94.7368421052632,,
2023-11-20 00:28:19.208482-05,353606,74.5580404685836,77.0972037283622,94.7368421052632,,
2023-08-20 05:15:33.997725-04,351006,74.5686900958466,76.8308921438083,94.7368421052632,,
2023-11-22 08:06:46.873302-05,353685,74.5686900958466,77.0972037283622,94.7368421052632,,
2023-08-23 00:01:55.99432-04,351074,74.5793397231097,76.9640479360852,94.7368421052632,,
2023-11-17 15:10:54.888601-05,353527,74.5793397231097,77.0972037283622,94.7368421052632,,
2023-08-17 08:01:39.437171-04,350927,74.5899893503727,76.9640479360852,94.7368421052632,,
2023-11-22 05:08:09.594305-05,353681,74.5899893503727,77.0972037283622,94.7368421052632,,
2023-08-20 00:42:12.629517-04,351003,74.6006389776358,76.9640479360852,94.7368421052632,,
2023-11-22 14:14:03.905105-05,353693,74.6006389776358,77.0972037283622,94.7368421052632,,
2023-08-17 05:04:50.984183-04,350924,74.6112886048988,76.9640479360852,94.7368421052632,,
2023-11-17 15:26:24.874216-05,353523,74.6112886048988,77.0972037283622,94.7368421052632,,
2024-02-06 14:42:27.395145-05,307072,74.6112886048988,77.896138482024,94.7368421052632,,
2023-08-16 11:00:17.163298-04,350906,74.6219382321619,76.9640479360852,94.7368421052632,,
2023-11-22 11:28:55.019911-05,353686,74.6219382321619,77.0972037283622,94.7368421052632,,
2023-08-16 18:16:07.410063-04,350913,74.6325878594249,76.9640479360852,94.7368421052632,,
2023-11-23 20:57:53.135032-05,353727,74.6325878594249,77.0972037283622,94.7368421052632,,
2023-08-18 03:42:57.099945-04,350949,74.643237486688,76.9640479360852,94.7368421052632,,
2023-08-16 17:05:33.442471-04,350912,74.653887113951,76.9640479360852,94.7368421052632,,
2023-08-12 16:05:53.906092-04,350811,74.6645367412141,77.0972037283622,94.7368421052632,,
2023-08-03 21:59:47.484128-04,350389,74.6858359957401,77.0972037283622,94.7368421052632,,
2023-08-03 17:57:01.865259-04,350385,74.6964856230032,77.0972037283622,94.7368421052632,,
2023-08-03 15:09:12.839996-04,350383,74.6964856230032,77.2303595206391,94.7368421052632,,
2023-08-02 10:10:00.821847-04,350350,74.7071352502662,77.0972037283622,94.7368421052632,,
2023-08-04 01:57:45.415245-04,350393,74.7071352502662,77.2303595206391,94.7368421052632,,
2023-08-12 21:57:01.11809-04,350818,74.7177848775293,76.9640479360852,94.7368421052632,,
2023-08-04 10:38:18.218008-04,350403,74.7177848775293,77.0972037283622,94.7368421052632,,
2024-02-06 13:42:35.88726-05,301532,74.7177848775293,77.896138482024,89.4736842105263,,
2023-08-03 19:32:10.124812-04,350386,74.7284345047923,77.0972037283622,94.7368421052632,,
2023-08-04 03:58:48.569383-04,350395,74.7284345047923,77.2303595206391,94.7368421052632,,
2024-02-06 13:42:35.980852-05,301535,74.7284345047923,77.896138482024,89.4736842105263,,
2023-08-02 08:55:03.349986-04,350349,74.7390841320554,77.0972037283622,94.7368421052632,,
2023-08-01 10:51:31.59776-04,350327,74.7390841320554,77.2303595206391,94.7368421052632,,
2023-07-31 23:46:17.829013-04,350316,74.7497337593184,77.2303595206391,94.7368421052632,,
2024-02-06 13:42:37.36632-05,301548,74.7497337593184,77.896138482024,89.4736842105263,,
2024-02-06 13:42:37.55544-05,301550,74.7603833865815,77.896138482024,89.4736842105263,,
2024-02-06 14:38:29.567818-05,306019,74.7603833865815,78.2956058588549,94.7368421052632,,
2024-02-06 14:38:29.845777-05,306022,74.7710330138445,78.2956058588549,94.7368421052632,,
2023-11-17 05:50:40.170979-05,353508,74.7816826411076,77.2303595206391,94.7368421052632,,
2023-11-16 16:36:18.591677-05,353487,74.7923322683706,77.2303595206391,94.7368421052632,,
2023-11-16 16:35:17.085155-05,353488,74.8029818956337,77.2303595206391,94.7368421052632,,
2024-02-07 13:25:48.030251-05,307743,74.8136315228967,78.4287616511318,94.7368421052632,,
2024-05-22 14:44:51.784868-04,307666,74.8242811501597,78.4287616511318,94.7368421052632,,
2023-09-15 03:21:15.793654-04,351664,74.8455804046858,77.3635153129161,94.7368421052632,,
2023-11-16 13:53:31.035219-05,353481,74.8668796592119,77.3635153129161,94.7368421052632,,
2023-09-14 15:05:36.675563-04,351650,74.9094781682641,77.4966711051931,94.7368421052632,,
2023-09-14 14:33:04.669372-04,351651,74.9201277955272,77.4966711051931,94.7368421052632,,
2023-11-16 11:44:52.382505-05,353478,74.9520766773163,77.4966711051931,94.7368421052632,,
2024-02-12 10:16:35.067511-05,302716,74.9627263045793,78.1624500665779,89.4736842105263,,
2024-02-12 10:16:32.425039-05,302688,74.9733759318424,78.1624500665779,89.4736842105263,,
2024-02-12 10:16:34.187992-05,302690,74.9840255591054,78.1624500665779,89.4736842105263,,
2023-11-14 21:32:12.752768-05,353413,74.9946751863685,77.4966711051931,94.7368421052632,,
2023-10-12 12:17:45.315408-04,352488,74.9946751863685,77.62982689747,94.7368421052632,,
2024-02-12 10:16:16.426136-05,302639,74.9946751863685,78.1624500665779,89.4736842105263,,
2023-10-12 10:34:39.868557-04,352482,75.0159744408946,77.62982689747,94.7368421052632,,
2023-11-14 19:46:21.983962-05,353407,75.0266240681576,77.4966711051931,94.7368421052632,,
2023-10-11 13:35:01.032691-04,352461,75.0266240681576,77.62982689747,94.7368421052632,,
2023-11-16 01:56:39.253713-05,353467,75.0372736954207,77.4966711051931,94.7368421052632,,
2023-10-11 12:34:12.416349-04,352460,75.0372736954207,77.62982689747,94.7368421052632,,
2024-02-12 10:15:09.863436-05,302551,75.0372736954207,78.2956058588549,89.4736842105263,,
2023-10-11 11:35:09.325487-04,352459,75.0479233226837,77.62982689747,94.7368421052632,,
2023-10-11 01:32:41.026376-04,352449,75.0479233226837,77.762982689747,94.7368421052632,,
2023-10-25 14:53:39.317387-04,352852,75.0585729499468,77.4966711051931,94.7368421052632,,
2023-10-11 02:31:42.762632-04,352450,75.0585729499468,77.762982689747,94.7368421052632,,
2023-10-13 19:44:48.736514-04,352519,75.0692225772098,77.762982689747,94.7368421052632,,
2024-02-12 10:15:32.541315-05,302577,75.0692225772098,78.2956058588549,89.4736842105263,,
2023-07-31 21:06:59.383572-04,350314,75.0798722044728,77.62982689747,94.7368421052632,,
2024-02-12 10:15:43.121139-05,302589,75.0798722044728,78.2956058588549,89.4736842105263,,
2024-02-06 14:39:19.765873-05,306225,75.111821086262,78.4287616511318,94.7368421052632,,
2023-10-10 21:39:34.73705-04,352442,75.122470713525,77.762982689747,94.7368421052632,,
2024-02-06 14:39:25.752031-05,306245,75.122470713525,78.4287616511318,94.7368421052632,,
2023-10-25 17:12:02.648955-04,352851,75.1331203407881,77.4966711051931,94.7368421052632,,
2023-07-31 21:27:44.167832-04,350312,75.1331203407881,77.762982689747,94.7368421052632,,
2023-10-10 20:36:21.529576-04,352441,75.1331203407881,77.896138482024,94.7368421052632,,
2024-02-06 14:42:14.063798-05,307015,75.1331203407881,78.5619174434088,94.7368421052632,,
2023-10-25 15:54:52.546174-04,352854,75.1437699680511,77.4966711051931,94.7368421052632,,
2023-10-09 15:17:06.967927-04,352409,75.1437699680511,77.762982689747,94.7368421052632,,
2023-10-06 09:43:20.304566-04,352333,75.1437699680511,77.896138482024,94.7368421052632,,
2024-02-06 14:38:41.435985-05,306076,75.1437699680511,78.4287616511318,94.7368421052632,,
2024-02-06 14:42:14.33834-05,307017,75.1437699680511,78.5619174434088,94.7368421052632,,
2023-10-25 18:58:20.55234-04,352856,75.1544195953142,77.4966711051931,94.7368421052632,,
2023-10-06 05:58:34.745777-04,352327,75.1544195953142,77.896138482024,94.7368421052632,,
2024-02-06 14:38:42.217749-05,306079,75.1544195953142,78.4287616511318,94.7368421052632,,
2023-10-26 04:56:20.484977-04,352867,75.1650692225772,77.4966711051931,94.7368421052632,,
2024-02-06 14:39:28.236339-05,306259,75.1650692225772,78.4287616511318,94.7368421052632,,
2023-10-26 13:55:35.454832-04,352876,75.1757188498403,77.62982689747,94.7368421052632,,
2023-10-25 20:06:56.835419-04,352857,75.1970181043663,77.4966711051931,94.7368421052632,,
2023-07-31 09:34:36.07531-04,350299,75.1970181043663,77.896138482024,94.7368421052632,,
2023-10-25 15:08:53.232502-04,352849,75.2076677316294,77.4966711051931,94.7368421052632,,
2023-07-29 06:46:32.906206-04,350244,75.2076677316294,77.896138482024,94.7368421052632,,
2023-10-25 22:05:30.37465-04,352859,75.2183173588924,77.62982689747,94.7368421052632,,
2023-10-05 12:30:42.789479-04,352307,75.2928647497338,77.896138482024,94.7368421052632,,
2024-02-12 10:14:50.774827-05,302526,75.2928647497338,78.8282290279627,89.4736842105263,,
2023-10-05 15:33:11.31133-04,352310,75.3035143769968,78.0292942743009,94.7368421052632,,
2024-02-12 10:14:52.082787-05,302527,75.3035143769968,78.8282290279627,89.4736842105263,,
2023-10-05 17:35:48.68321-04,352312,75.3141640042599,78.0292942743009,94.7368421052632,,
2023-11-04 00:37:49.139873-04,353095,75.346112886049,77.896138482024,94.7368421052632,,
2024-02-06 13:43:43.343297-05,302281,75.356762513312,78.8282290279627,89.4736842105263,,
2023-11-04 00:43:01.430524-04,353093,75.3674121405751,77.896138482024,94.7368421052632,,
2024-02-06 13:43:42.111968-05,302269,75.3674121405751,78.8282290279627,89.4736842105263,,
2023-11-04 00:03:20.087557-04,353081,75.3887113951012,77.896138482024,94.7368421052632,,
2023-11-04 04:15:16.302157-04,353106,75.3887113951012,78.0292942743009,94.7368421052632,,
2023-07-31 18:26:04.562166-04,350199,75.3993610223642,78.0292942743009,94.7368421052632,,
2024-02-06 13:43:40.858552-05,302256,75.4100106496273,78.8282290279627,89.4736842105263,,
2023-07-31 18:26:03.458866-04,350196,75.4419595314164,78.0292942743009,94.7368421052632,,
2023-07-27 15:22:42.301665-04,350201,75.4419595314164,78.1624500665779,94.7368421052632,,
2023-07-27 06:31:41.756845-04,350191,75.4526091586795,78.1624500665779,94.7368421052632,,
2023-11-07 22:06:10.111329-05,353040,75.4739084132055,77.896138482024,94.7368421052632,,
2023-11-08 00:52:24.751688-05,353042,75.4739084132055,78.0292942743009,94.7368421052632,,
2023-11-07 03:43:18.213224-05,353032,75.4845580404686,78.0292942743009,94.7368421052632,,
2023-10-05 08:44:25.212649-04,352303,75.5165069222577,78.1624500665779,94.7368421052632,,
2023-10-05 09:02:42.925728-04,352304,75.5591054313099,78.1624500665779,94.7368421052632,,
2023-10-05 10:45:22.995795-04,352301,75.580404685836,78.1624500665779,94.7368421052632,,
2023-10-04 10:37:53.184618-04,352275,75.580404685836,78.2956058588549,94.7368421052632,,
2023-10-05 06:45:09.015524-04,352297,75.591054313099,78.1624500665779,94.7368421052632,,
2023-10-04 11:32:51.743167-04,352276,75.591054313099,78.2956058588549,94.7368421052632,,
2023-10-05 01:44:02.233012-04,352292,75.6017039403621,78.2956058588549,94.7368421052632,,
2024-02-06 13:43:56.406028-05,302420,75.6230031948882,79.0945406125166,89.4736842105263,,
2023-10-04 07:08:23.114355-04,352267,75.6336528221512,78.1624500665779,94.7368421052632,,
2023-10-04 21:46:58.884215-04,352288,75.6336528221512,78.2956058588549,94.7368421052632,,
2024-02-06 13:43:47.013065-05,302327,75.6336528221512,79.0945406125166,89.4736842105263,,
2023-10-04 07:04:28.014114-04,352266,75.6443024494143,78.1624500665779,94.7368421052632,,
2023-10-04 23:51:09.522263-04,352290,75.6443024494143,78.2956058588549,94.7368421052632,,
2024-02-06 13:43:54.270266-05,302398,75.6443024494143,79.0945406125166,89.4736842105263,,
2024-02-12 13:41:37.069812-05,308486,75.6443024494143,79.6271637816245,94.7368421052632,,
2024-02-06 13:43:48.791886-05,302344,75.6549520766773,79.0945406125166,89.4736842105263,,
2023-10-04 12:45:24.466218-04,352281,75.6762513312034,78.2956058588549,94.7368421052632,,
2023-10-04 17:39:46.452457-04,352284,75.6762513312034,78.4287616511318,94.7368421052632,,
2024-02-12 14:28:24.052287-05,308531,75.6762513312034,79.6271637816245,94.7368421052632,,
2024-02-06 13:43:48.581731-05,302342,75.6869009584665,79.0945406125166,89.4736842105263,,
2024-02-12 13:58:22.174072-05,308502,75.6869009584665,79.6271637816245,94.7368421052632,,
2023-10-04 12:33:03.406699-04,352279,75.6975505857295,78.4287616511318,94.7368421052632,,
2024-05-22 14:44:52.516759-04,308436,75.6975505857295,79.7603195739015,94.7368421052632,,
2023-10-04 08:24:31.121631-04,352265,75.7188498402556,78.1624500665779,94.7368421052632,,
2023-10-03 21:20:13.810505-04,352251,75.7401490947817,78.1624500665779,94.7368421052632,,
2023-10-03 21:13:24.552284-04,352249,75.7507987220447,78.1624500665779,94.7368421052632,,
2023-10-04 00:40:57.984638-04,352253,75.7614483493078,78.1624500665779,94.7368421052632,,
2023-10-03 20:02:26.625401-04,352244,75.7614483493078,78.2956058588549,94.7368421052632,,
2024-02-12 14:48:49.251008-05,308586,75.7614483493078,79.7603195739015,94.7368421052632,,
2023-10-03 21:49:05.392989-04,352248,75.7720979765708,78.1624500665779,94.7368421052632,,
2023-07-25 19:02:33.456053-04,350149,75.7720979765708,78.5619174434088,100,,
2023-07-31 18:25:49.738122-04,350157,75.7827476038339,78.5619174434088,100,,
2023-10-04 02:56:45.801401-04,352259,75.80404685836,78.2956058588549,94.7368421052632,,
2023-10-04 02:59:30.574223-04,352260,75.814696485623,78.2956058588549,94.7368421052632,,
2023-10-03 16:12:44.150423-04,352242,75.8253461128861,78.4287616511318,94.7368421052632,,
2023-10-03 06:23:00.974244-04,352226,75.8359957401491,78.2956058588549,94.7368421052632,,
2023-10-03 13:13:54.68281-04,352234,75.8466453674121,78.4287616511318,94.7368421052632,,
2023-10-02 22:19:45.829259-04,352218,75.8572949946752,78.4287616511318,94.7368421052632,,
2023-09-29 14:09:27.41288-04,352131,75.9211927582535,78.4287616511318,94.7368421052632,,
2023-10-01 10:05:24.044326-04,352179,75.9211927582535,78.5619174434088,94.7368421052632,,
2023-09-29 19:17:18.54693-04,352136,75.9318423855165,78.4287616511318,94.7368421052632,,
2023-09-29 06:12:17.148501-04,352118,75.9318423855165,78.5619174434088,94.7368421052632,,
2023-09-29 02:27:16.295692-04,352112,75.9424920127796,78.5619174434088,94.7368421052632,,
2024-02-06 14:35:50.000219-05,305001,75.9744408945687,79.3608521970706,94.7368421052632,,
2024-02-06 14:35:54.511972-05,305020,75.9850905218317,79.3608521970706,94.7368421052632,,
2023-09-28 06:07:14.02331-04,352071,76.0170394036209,78.5619174434088,94.7368421052632,,
2023-09-28 20:03:56.94365-04,352107,76.0170394036209,78.6950732356858,94.7368421052632,,
2023-09-28 16:59:09.327151-04,352099,76.0276890308839,78.6950732356858,94.7368421052632,,
2023-09-28 03:14:01.461585-04,352061,76.04898828541,78.6950732356858,94.7368421052632,,
2024-02-06 14:36:17.526455-05,305116,76.04898828541,79.3608521970706,94.7368421052632,,
2024-02-06 14:36:14.864002-05,305106,76.0596379126731,79.3608521970706,94.7368421052632,,
2024-02-06 14:36:15.406858-05,305108,76.0702875399361,79.3608521970706,94.7368421052632,,
2024-02-06 14:36:16.148363-05,305111,76.0809371671992,79.3608521970706,94.7368421052632,,
2023-09-28 03:40:43.447042-04,352062,76.0915867944622,78.6950732356858,94.7368421052632,,
2023-09-28 02:23:43.323534-04,352057,76.1022364217253,78.6950732356858,94.7368421052632,,
2023-09-27 23:20:01.096006-04,352054,76.1128860489883,78.8282290279627,94.7368421052632,,
2023-09-27 19:51:46.375658-04,352052,76.2619808306709,78.9613848202397,94.7368421052632,,
2023-09-27 19:47:19.577089-04,352051,76.272630457934,78.9613848202397,94.7368421052632,,
2023-09-27 06:21:31.005275-04,352032,76.2939297124601,78.9613848202397,94.7368421052632,,
2023-09-27 03:37:24.916119-04,352022,76.3045793397231,78.9613848202397,94.7368421052632,,
2023-09-27 11:26:33.87152-04,352040,76.3152289669862,78.8282290279627,94.7368421052632,,
2023-09-27 03:37:00.038747-04,352021,76.3152289669862,78.9613848202397,94.7368421052632,,
2023-09-27 15:46:53.320353-04,352045,76.3258785942492,78.8282290279627,94.7368421052632,,
2023-09-27 04:38:50.959472-04,352024,76.3258785942492,78.9613848202397,94.7368421052632,,
2023-09-26 19:19:02.474293-04,352005,76.3365282215122,78.9613848202397,94.7368421052632,,
2024-02-13 05:13:31.654621-05,309278,76.6986155484558,80.1597869507324,100,,
2024-08-15 13:53:04.24099-04,309268,76.7092651757189,80.1597869507324,100,,
2024-02-13 05:12:24.042218-05,309195,76.7199148029819,80.1597869507324,100,,
2024-02-13 05:12:42.403857-05,309217,76.7199148029819,80.2929427430093,100,,
2024-02-13 05:12:36.198592-05,309210,76.7305644302449,80.2929427430093,100,,
2024-02-13 05:17:54.205028-05,309349,76.741214057508,80.2929427430093,100,,
2024-02-12 10:33:42.645269-05,304236,76.9968051118211,80.4260985352863,94.7368421052632,,
2024-02-13 05:12:17.847909-05,309188,77.0181043663472,80.8255659121172,100,,
2024-05-22 14:44:53.231722-04,309147,77.0287539936102,80.8255659121172,100,,
2024-02-13 05:11:17.849788-05,309114,77.0394036208733,80.9587217043941,100,,
2024-02-12 10:22:48.575651-05,303319,77.0500532481363,80.5592543275633,94.7368421052632,,
2024-02-12 10:22:47.691981-05,303316,77.1246006389776,80.6924101198402,94.7368421052632,,
2024-02-12 10:22:15.427093-05,303284,77.1352502662407,80.6924101198402,94.7368421052632,,
2024-02-12 17:59:22.696135-05,308984,77.3056443024494,81.2250332889481,100,,
2024-02-12 18:51:55.736373-05,309003,77.3375931842386,81.2250332889481,100,,
2024-02-12 17:53:26.588233-05,308977,77.3482428115016,81.2250332889481,100,,
2024-02-12 18:52:20.416083-05,309034,77.3588924387646,81.2250332889481,100,,
2024-02-12 18:56:31.166396-05,309090,77.3588924387646,81.358189081225,100,,
2024-02-12 18:56:20.03263-05,309075,77.3695420660277,81.358189081225,100,,
2024-02-12 18:56:19.143008-05,309074,77.3801916932907,81.358189081225,100,,
2024-02-12 16:56:57.580644-05,308823,77.4653887113951,81.358189081225,100,,
2024-02-12 16:56:47.697621-05,308813,77.5612353567625,81.358189081225,100,,
2024-02-12 16:56:56.517369-05,308820,77.5825346112886,81.491344873502,100,,
2024-02-07 10:55:44.136274-05,307543,77.6251331203408,81.358189081225,100,,
2024-02-07 10:55:38.645678-05,307536,77.6357827476038,81.358189081225,100,,
2024-08-15 13:53:02.955064-04,307560,77.6464323748669,81.358189081225,100,,
2024-02-07 10:55:32.895412-05,307528,77.7316293929712,81.358189081225,100,,
2024-02-07 10:55:12.246855-05,307505,77.8807241746539,81.624500665779,100,,
2024-08-15 13:53:02.890386-04,307502,77.8913738019169,81.624500665779,100,,
2024-02-06 14:44:09.579667-05,307477,78.0937167199148,82.0239680426099,100,,
2024-02-06 14:44:09.850272-05,307478,78.1043663471778,82.0239680426099,100,,
2024-02-06 14:44:12.550602-05,307488,78.1150159744409,82.0239680426099,100,,
2024-02-06 14:44:04.623248-05,307459,78.1256656017039,82.0239680426099,100,,
2024-08-15 13:53:02.680769-04,307398,78.136315228967,82.0239680426099,100,,
2024-02-06 14:40:29.076396-05,306524,78.2641107561235,81.8908122503329,100,,
2024-02-06 14:40:26.940638-05,306516,78.2854100106496,81.8908122503329,100,,
2024-02-06 14:43:48.003647-05,307394,78.3919062832801,82.5565912117177,100,,
2024-02-06 14:43:47.676813-05,307393,78.4451544195953,82.5565912117177,100,,
2024-02-12 10:21:18.259409-05,303201,78.4558040468584,82.5565912117177,94.7368421052632,,
2024-02-06 14:43:45.30919-05,307384,78.4558040468584,82.5565912117177,100,,
2024-02-06 14:41:02.653884-05,306718,78.4664536741214,82.2902796271638,100,,
2024-02-12 10:21:19.133199-05,303202,78.4771033013845,82.5565912117177,94.7368421052632,,
2024-02-06 14:41:02.384183-05,306715,78.4877529286475,82.2902796271638,100,,
2024-02-12 10:21:16.495331-05,303199,78.4877529286475,82.5565912117177,94.7368421052632,,
2024-02-06 14:41:02.942128-05,306719,78.4984025559105,82.2902796271638,100,,
2024-02-12 10:21:19.997261-05,303203,78.4984025559105,82.5565912117177,94.7368421052632,,
2024-02-06 14:43:24.972923-05,307306,78.5197018104366,82.5565912117177,100,,
2024-02-14 10:46:23.318235-05,307325,78.5303514376997,82.5565912117177,100,,
2024-02-06 14:40:37.142523-05,306561,78.5623003194888,82.2902796271638,100,,
2024-02-06 14:40:36.287674-05,306556,78.5729499467519,82.2902796271638,100,,
2024-02-07 13:26:26.003706-05,307788,78.5729499467519,82.5565912117177,100,,
2024-02-06 14:40:23.522379-05,306497,78.594249201278,82.2902796271638,100,,
2024-02-07 13:26:31.591847-05,307794,78.594249201278,82.5565912117177,100,,
2024-02-12 10:18:43.912512-05,302976,78.594249201278,82.6897470039947,94.7368421052632,,
2024-02-12 11:56:40.039814-05,308360,78.594249201278,82.8229027962716,100,,
2024-08-15 13:53:01.962113-04,306576,78.604898828541,82.2902796271638,100,,
2024-02-07 13:25:49.010414-05,307748,78.604898828541,82.5565912117177,100,,
2024-02-12 10:18:44.783371-05,302977,78.604898828541,82.6897470039947,94.7368421052632,,
2024-02-12 11:56:39.255766-05,308358,78.604898828541,82.8229027962716,100,,
2024-08-15 13:53:03.07595-04,307790,78.615548455804,82.5565912117177,100,,
2024-02-12 11:56:10.478554-05,308304,78.615548455804,82.6897470039947,100,,
2024-02-06 14:40:07.809039-05,306435,78.6368477103301,82.4234354194408,100,,
2024-02-06 14:40:08.075944-05,306436,78.6474973375932,82.4234354194408,100,,
2024-02-12 10:18:48.282133-05,302982,78.6474973375932,82.6897470039947,94.7368421052632,,
2024-02-12 10:18:53.634429-05,302988,78.6581469648562,82.6897470039947,94.7368421052632,,
2024-02-07 12:28:57.402059-05,307619,78.6581469648562,82.6897470039947,100,,
2024-02-06 14:40:14.145777-05,306460,78.6687965921193,82.4234354194408,100,,
2024-05-22 14:44:51.310596-04,307609,78.6687965921193,82.6897470039947,100,,
2024-02-06 14:40:12.341812-05,306453,78.6794462193823,82.4234354194408,100,,
2024-08-15 12:48:24.377558-04,306475,78.6900958466454,82.4234354194408,100,,
2024-02-06 14:40:21.162034-05,306486,78.7113951011715,82.4234354194408,100,,
2024-02-06 14:40:20.894319-05,306485,78.7220447284345,82.4234354194408,100,,
2024-02-06 14:42:56.161696-05,307192,78.7326943556975,82.8229027962716,100,,
2024-02-06 14:42:44.360317-05,307150,78.7433439829606,82.8229027962716,100,,
2024-08-15 13:53:02.202329-04,307139,78.7539936102236,82.8229027962716,100,,
2024-02-06 14:42:54.273247-05,307185,78.7646432374867,82.8229027962716,100,,
2024-02-12 12:28:08.334644-05,308384,78.7646432374867,82.9560585885486,100,,
2024-02-12 14:28:35.81162-05,308548,78.7752928647497,82.8229027962716,100,,
2024-02-12 16:02:23.904599-05,308741,78.7859424920128,82.8229027962716,100,,
2024-02-12 12:28:21.575381-05,308394,78.7859424920128,82.9560585885486,100,,
2024-05-22 14:44:52.755058-04,308551,78.7965921192758,82.8229027962716,100,,
2024-02-12 12:28:25.630964-05,308400,78.7965921192758,82.9560585885486,100,,
2024-08-15 12:48:24.644273-04,308403,78.8072417465389,82.9560585885486,100,,
2024-02-06 14:40:54.755938-05,306641,78.828541001065,82.5565912117177,100,,
2024-02-06 14:42:34.040305-05,307110,78.828541001065,82.8229027962716,100,,
2024-02-12 15:17:26.330835-05,308699,78.828541001065,82.9560585885486,100,,
2024-02-06 14:40:02.881675-05,306401,78.839190628328,82.5565912117177,100,,
2024-02-06 14:42:33.196562-05,307107,78.839190628328,82.8229027962716,100,,
2024-02-12 12:00:42.009062-05,308369,78.839190628328,82.9560585885486,100,,
2024-08-15 13:53:01.90698-04,306376,78.849840255591,82.5565912117177,100,,
2024-02-12 15:16:59.65593-05,308607,78.849840255591,82.9560585885486,100,,
2024-02-06 14:39:44.622109-05,306332,78.8604898828541,82.5565912117177,100,,
2024-02-12 14:48:48.229793-05,308584,78.8604898828541,82.9560585885486,100,,
2024-08-15 13:53:04.070578-04,308569,78.8711395101171,82.9560585885486,100,,
2024-02-07 15:39:02.603734-05,307965,78.8711395101171,83.0892143808256,100,,
2024-02-07 18:17:48.679823-05,308192,78.8817891373802,82.9560585885486,100,,
2024-08-15 13:53:03.13478-04,307930,78.8817891373802,83.0892143808256,100,,
2024-05-22 14:44:52.271206-04,308038,78.8924387646432,83.0892143808256,100,,
2024-02-07 18:17:08.014283-05,308141,78.9030883919063,82.9560585885486,100,,
2024-02-07 15:39:21.640528-05,307987,78.9030883919063,83.0892143808256,100,,
2024-02-12 08:55:23.296565-05,308154,78.9137380191693,82.9560585885486,100,,
2024-02-06 14:37:32.796903-05,305584,78.9243876464324,82.6897470039947,100,,
2024-08-15 12:48:24.438212-04,308236,78.9243876464324,82.9560585885486,100,,
2024-08-15 12:48:24.483557-04,308363,78.9243876464324,83.0892143808256,100,,
2024-02-14 10:29:21.478104-05,305590,78.9350372736954,82.6897470039947,100,,
2024-08-15 13:53:03.260365-04,308105,78.9350372736954,82.9560585885486,100,,
2024-02-07 13:53:13.267987-05,307836,78.9350372736954,83.0892143808256,100,,
2024-02-06 14:37:38.945968-05,305608,78.9456869009585,82.6897470039947,100,,
2024-02-06 14:41:35.881489-05,306854,78.9456869009585,82.8229027962716,100,,
2024-02-12 11:56:34.554769-05,308351,78.9456869009585,83.0892143808256,100,,
2024-02-06 14:38:04.639828-05,305696,78.9563365282215,82.6897470039947,100,,
2024-02-06 14:41:34.802532-05,306850,78.9563365282215,82.8229027962716,100,,
2024-02-07 13:53:14.183712-05,307837,78.9563365282215,83.0892143808256,100,,
2024-02-06 14:37:59.944405-05,305678,78.9669861554845,82.6897470039947,100,,
2024-02-06 14:41:48.434282-05,306917,78.9669861554845,82.8229027962716,100,,
2024-08-15 13:53:03.590207-04,308344,78.9669861554845,83.0892143808256,100,,
2024-02-06 14:38:00.217704-05,305679,78.9776357827476,82.6897470039947,100,,
2024-02-12 10:16:54.675322-05,302743,78.9776357827476,82.8229027962716,94.7368421052632,,
2024-02-07 13:53:15.092676-05,307838,78.9776357827476,83.0892143808256,100,,
2024-02-12 10:16:53.790273-05,302742,78.9882854100106,82.8229027962716,94.7368421052632,,
2024-02-06 14:37:20.213729-05,305534,78.9882854100106,82.8229027962716,100,,
2024-02-12 10:16:58.19183-05,302747,78.9989350372737,82.8229027962716,94.7368421052632,,
2024-02-06 14:41:13.026862-05,306770,79.0095846645367,82.9560585885486,100,,
2024-02-06 14:37:18.308296-05,305527,79.0308839190628,82.8229027962716,100,,
2024-02-06 14:41:21.740916-05,306802,79.0308839190628,82.9560585885486,100,,
2024-08-15 13:53:02.021765-04,306798,79.0415335463259,82.9560585885486,100,,
2024-02-12 10:16:49.377614-05,302736,79.0521831735889,82.9560585885486,94.7368421052632,,
2024-02-12 10:16:35.961753-05,302721,79.062832800852,82.9560585885486,94.7368421052632,,
2024-02-06 14:37:17.740756-05,305524,79.1373801916933,82.9560585885486,100,,
2024-02-06 14:42:19.922682-05,307045,79.1373801916933,83.2223701731025,100,,
2024-02-06 14:42:21.890172-05,307052,79.1586794462194,83.2223701731025,100,,
2024-02-06 14:37:16.914602-05,305519,79.1906283280085,82.9560585885486,100,,
2024-02-06 14:37:17.190396-05,305520,79.2012779552716,82.9560585885486,100,,
2024-02-06 13:43:39.342875-05,302232,79.2119275825346,83.0892143808256,94.7368421052632,,
2024-02-06 13:43:39.442376-05,302233,79.2225772097977,83.0892143808256,94.7368421052632,,
2024-02-06 14:37:12.202333-05,305498,79.2758253461129,82.9560585885486,100,,
2024-02-06 14:37:11.948047-05,305497,79.2864749733759,82.9560585885486,100,,
2024-02-06 14:37:11.358917-05,305495,79.297124600639,82.9560585885486,100,,
2024-02-06 13:43:45.205914-05,302304,79.4888178913738,83.3555259653795,94.7368421052632,,
2024-02-06 14:37:11.08395-05,305493,79.4994675186368,83.2223701731025,100,,
2024-02-06 13:43:44.896749-05,302302,79.4994675186368,83.3555259653795,94.7368421052632,,
2024-02-06 14:36:39.174516-05,305308,79.542066027689,83.4886817576565,100,,
2024-08-15 13:53:01.482536-04,305447,79.5953141640043,83.2223701731025,100,,
2024-02-06 14:36:54.641245-05,305424,79.6059637912673,83.2223701731025,100,,
2024-02-06 14:36:48.431783-05,305399,79.6379126730564,83.3555259653795,100,,
2024-02-06 14:36:47.904316-05,305397,79.6592119275825,83.3555259653795,100,,
2024-02-06 14:36:52.997375-05,305417,79.6698615548456,83.3555259653795,100,,
2024-02-06 14:36:43.222463-05,305380,79.6805111821086,83.3555259653795,100,,
2024-02-06 14:36:44.320256-05,305384,79.6911608093717,83.3555259653795,100,,
2024-08-15 13:53:01.434441-04,305392,79.7018104366347,83.3555259653795,100,,
2024-02-06 14:36:44.052545-05,305383,79.7124600638978,83.3555259653795,100,,
2024-02-14 10:26:39.442721-05,305305,79.7444089456869,83.4886817576565,100,,
2024-08-15 13:53:00.553532-04,305293,79.7550585729499,83.4886817576565,100,,
2024-02-06 14:36:28.590552-05,305215,79.765708200213,83.4886817576565,100,,
2024-02-06 14:36:28.33832-05,305207,80.0319488817891,83.7549933422104,100,,
2024-02-06 14:36:21.674418-05,305135,80.0425985090522,83.7549933422104,100,,
2024-02-06 14:36:19.778741-05,305127,80.0532481363152,83.7549933422104,100,,
2024-02-06 13:42:27.092895-05,301450,80.0638977635783,84.0213049267643,94.7368421052632,,
2024-02-06 13:42:29.407691-05,301466,80.0745473908413,84.0213049267643,94.7368421052632,,
2024-02-06 14:36:14.579133-05,305104,80.1171458998935,83.8881491344873,100,,
2024-02-06 14:36:12.458588-05,305091,80.1277955271566,83.8881491344873,100,,
2024-02-06 14:35:57.502291-05,305036,80.1384451544196,83.8881491344873,100,,
2024-08-15 13:53:00.506489-04,305065,80.1490947816826,83.8881491344873,100,,
2024-02-06 14:35:57.251398-05,305035,80.1597444089457,83.8881491344873,100,,
2024-02-06 14:36:04.376657-05,305061,80.1703940362087,83.8881491344873,100,,
2024-08-15 13:53:00.458427-04,304951,80.1916932907348,83.8881491344873,100,,
2024-02-12 10:42:11.243151-05,304935,80.2023429179979,83.8881491344873,100,,
2024-02-06 14:36:13.05408-05,305096,80.2875399361022,84.0213049267643,100,,
2024-02-06 14:36:14.314288-05,305102,80.3407880724175,84.1544607190413,100,,
2024-02-06 13:42:01.217294-05,301155,80.3514376996805,84.4207723035952,94.7368421052632,,
2024-02-06 13:40:57.890165-05,300404,80.3727369542066,83.8881491344873,94.7368421052632,,
2024-02-06 14:36:13.632594-05,305099,80.3833865814697,84.0213049267643,100,,
2024-02-06 13:41:09.358563-05,300526,80.4153354632588,84.5539280958722,94.7368421052632,,
2024-02-06 13:41:10.99352-05,300543,80.4366347177849,84.5539280958722,94.7368421052632,,
2024-02-06 13:41:10.513479-05,300538,80.4472843450479,84.5539280958722,94.7368421052632,,
2024-02-06 14:36:12.747995-05,305094,80.457933972311,84.1544607190413,100,,
2024-08-15 13:53:00.40456-04,304899,80.5005324813632,84.1544607190413,100,,
2024-02-12 10:40:58.78792-05,304846,80.5750798722045,84.2876165113182,100,,
2024-02-12 10:40:57.023131-05,304844,80.5857294994675,84.2876165113182,100,,
2024-02-12 10:40:28.756802-05,304784,80.6176783812567,84.4207723035952,100,,
2024-02-12 10:40:27.867486-05,304782,80.6283280085197,84.4207723035952,100,,
2024-02-12 10:40:51.753202-05,304828,80.6389776357828,84.4207723035952,100,,
2024-02-06 13:41:08.088032-05,300510,80.6389776357828,84.8202396804261,94.7368421052632,,
2024-02-12 10:40:55.290282-05,304834,80.6496272630458,84.4207723035952,100,,
2024-02-06 13:41:08.188616-05,300512,80.6496272630458,84.8202396804261,94.7368421052632,,
2024-02-06 13:41:08.282973-05,300515,80.6602768903088,84.8202396804261,94.7368421052632,,
2024-02-12 10:40:49.113411-05,304823,80.6815761448349,84.4207723035952,100,,
2024-02-12 10:40:38.549746-05,304799,80.7454739084132,84.5539280958722,100,,
2024-02-12 10:40:39.43348-05,304801,80.7561235356763,84.5539280958722,100,,
2024-02-12 10:40:36.688369-05,304795,80.7667731629393,84.5539280958722,100,,
2024-02-12 10:40:12.754262-05,304752,80.7667731629393,84.6870838881491,100,,
2024-02-12 10:40:32.302589-05,304790,80.7774227902024,84.5539280958722,100,,
2024-02-12 10:40:31.40593-05,304789,80.8200212992545,84.5539280958722,100,,
2024-02-12 10:40:07.475477-05,304742,80.8732694355698,84.8202396804261,100,,
2024-05-22 11:51:16.671318-04,304748,80.8839190628328,84.8202396804261,100,,
2024-02-12 10:40:17.162267-05,304764,80.926517571885,84.8202396804261,100,,
2024-02-12 10:25:04.509818-05,303548,81.160809371672,84.9533954727031,100,,
2024-02-12 10:24:52.635158-05,303497,81.384451544196,85.08655126498,100,,
2024-02-12 10:38:03.672141-05,304568,81.4483493077742,85.219707057257,100,,
2024-02-12 10:24:11.728683-05,303441,81.5548455804047,85.4860186418109,100,,
2024-02-12 10:24:21.421588-05,303452,81.5654952076677,85.4860186418109,100,,
2024-02-12 10:29:15.224711-05,303876,81.5974440894569,85.219707057257,100,,
2024-02-12 10:24:51.67335-05,303495,81.5974440894569,85.352862849534,100,,
2024-08-15 12:48:24.29705-04,303726,81.6080937167199,85.352862849534,100,,
2024-08-15 13:52:59.986404-04,303777,81.618743343983,85.352862849534,100,,
2024-02-12 10:27:33.635574-05,303755,81.629392971246,85.352862849534,100,,
2024-02-12 10:28:13.585028-05,303803,81.6400425985091,85.352862849534,100,,
2024-08-15 13:52:59.931224-04,303490,81.7039403620873,85.4860186418109,100,,
2024-02-12 10:24:10.847005-05,303439,81.7145899893504,85.7523302263648,100,,
2024-08-15 13:52:59.822252-04,303389,81.7252396166134,85.7523302263648,100,,
2024-02-12 10:23:19.414691-05,303377,81.7891373801917,85.7523302263648,100,,
2024-02-12 10:23:08.914774-05,303365,81.8104366347178,85.7523302263648,100,,
2024-02-12 10:18:01.208153-05,302906,81.9914802981896,85.6191744340879,100,,
2024-02-12 10:18:05.642402-05,302913,82.0021299254526,85.6191744340879,100,,
2024-02-12 10:18:19.018029-05,302927,82.0340788072418,85.6191744340879,100,,
2024-02-12 10:18:10.213719-05,302918,82.0447284345048,85.6191744340879,100,,
2024-02-12 10:18:02.092153-05,302908,82.0553780617678,85.7523302263648,100,,
2024-02-12 10:29:46.008256-05,303920,82.0766773162939,86.0186418109188,100,,
2024-02-12 10:29:55.071757-05,303930,82.087326943557,86.0186418109188,100,,
2024-02-12 10:31:25.300347-05,304033,82.09797657082,86.0186418109188,100,,
2024-08-15 13:53:00.355099-04,304149,82.1086261980831,86.0186418109188,100,,
2024-02-12 10:21:23.551494-05,303211,82.1086261980831,86.1517976031957,100,,
2024-02-12 10:32:42.361482-05,304137,82.1192758253461,86.0186418109188,100,,
2024-02-12 10:21:26.201843-05,303214,82.1192758253461,86.1517976031957,100,,
2024-02-12 10:22:04.440321-05,303258,82.1299254526092,86.1517976031957,100,,
2024-08-15 13:52:59.770068-04,303252,82.1512247071353,86.1517976031957,100,,
2024-02-12 10:19:32.228506-05,303061,82.1725239616613,86.1517976031957,100,,
2024-02-12 10:19:21.798323-05,303042,82.1831735889244,86.1517976031957,100,,
2024-02-12 10:19:33.970947-05,303065,82.1938232161874,86.1517976031957,100,,
2024-02-12 10:19:45.902614-05,303080,82.2044728434505,86.1517976031957,100,,
2024-02-12 10:19:27.840585-05,303053,82.2151224707135,86.1517976031957,100,,
2024-02-12 10:19:22.654007-05,303046,82.2257720979766,86.1517976031957,100,,
2024-02-12 10:20:50.475655-05,303158,82.2364217252396,86.1517976031957,100,,
2024-02-12 10:17:54.774692-05,302897,82.2577209797657,85.8854860186418,100,,
2024-02-12 10:19:20.079902-05,303039,82.2577209797657,86.2849533954727,100,,
2024-02-12 10:19:16.541628-05,303032,82.2790202342918,86.2849533954727,100,,
2024-02-12 10:19:17.466982-05,303033,82.3003194888179,86.2849533954727,100,,
2024-02-12 10:17:43.086633-05,302880,82.3109691160809,86.0186418109188,100,,
2024-02-12 10:19:15.683772-05,303031,82.3109691160809,86.2849533954727,100,,
2024-02-12 10:18:26.118528-05,302938,82.321618743344,86.2849533954727,100,,
2024-02-12 10:17:51.947473-05,302893,82.332268370607,86.0186418109188,100,,
2024-02-12 10:18:27.912717-05,302941,82.3855165069223,86.2849533954727,100,,
2024-02-12 10:17:39.49069-05,302856,82.5772097976571,86.4181091877497,100,,
2024-02-12 10:17:21.163099-05,302810,82.6624068157614,86.4181091877497,100,,
2024-02-12 10:17:22.193902-05,302814,82.6730564430245,86.4181091877497,100,,
2024-02-06 13:43:14.022734-05,301933,83.9723109691161,88.0159786950732,100,,
2024-02-06 13:43:13.924175-05,301932,83.9829605963791,88.0159786950732,100,,
2024-08-15 13:52:59.524092-04,302034,83.9936102236422,88.0159786950732,100,,
2024-02-06 13:43:11.878403-05,301912,84.0042598509052,88.0159786950732,100,,
2024-02-06 13:43:11.377149-05,301907,84.0149094781683,88.0159786950732,100,,
2024-02-06 13:43:18.946846-05,301982,84.0255591054313,88.0159786950732,100,,
2024-02-06 13:43:18.855149-05,301981,84.0362087326943,88.0159786950732,100,,
2024-02-06 13:43:18.459893-05,301977,84.0468583599574,88.0159786950732,100,,
2024-02-06 13:42:59.877361-05,301783,84.1640042598509,88.2822902796272,100,,
2024-02-06 13:43:08.35491-05,301873,84.1640042598509,88.4154460719041,100,,
2024-02-06 13:42:56.838177-05,301753,84.185303514377,88.4154460719041,100,,
2024-02-06 13:42:56.469411-05,301749,84.19595314164,88.4154460719041,100,,
2024-05-22 11:52:38.783082-04,301748,84.2066027689031,88.4154460719041,100,,
2024-02-06 13:42:35.038867-05,301523,84.2492012779553,88.4154460719041,100,,
2024-02-06 13:42:38.551052-05,301562,84.2598509052183,88.4154460719041,100,,
2024-08-15 13:52:59.059573-04,301658,84.2705005324814,88.4154460719041,100,,
2024-05-22 11:53:30.846703-04,301527,84.2811501597444,88.4154460719041,100,,
2024-02-06 13:42:33.413199-05,301506,84.2917997870075,88.4154460719041,100,,
2024-02-06 13:42:26.346241-05,301439,84.3024494142705,88.4154460719041,100,,
2024-08-15 13:52:58.904871-04,301436,84.3130990415335,88.4154460719041,100,,
2024-02-06 13:42:20.268535-05,301375,84.3769968051118,88.5486018641811,100,,
2024-08-15 13:52:58.852917-04,301385,84.3876464323749,88.5486018641811,100,,
2024-02-06 13:42:16.818273-05,301336,84.4408945686901,88.6817576564581,100,,
2024-02-06 13:42:14.039231-05,301309,84.4515441959531,88.6817576564581,100,,
2024-08-15 13:52:58.798366-04,301328,84.4621938232162,88.6817576564581,100,,
2024-02-06 13:42:12.549116-05,301290,84.4728434504792,88.6817576564581,100,,
2024-02-06 13:42:12.453696-05,301288,84.5367412140575,88.814913448735,100,,
2024-02-06 13:42:03.502226-05,301198,84.5899893503727,88.814913448735,100,,
2024-02-06 13:42:03.409818-05,301197,84.6006389776358,88.814913448735,100,,
2024-08-15 13:52:58.597859-04,301219,84.6112886048988,88.814913448735,100,,
2024-08-15 13:52:58.749068-04,301270,84.6219382321619,88.814913448735,100,,
2024-02-06 13:41:58.35496-05,301122,84.8988285410011,89.2143808255659,100,,
2024-02-06 13:41:58.25915-05,301121,84.9094781682641,89.2143808255659,100,,
2024-02-06 13:42:00.730655-05,301146,84.9201277955272,89.2143808255659,100,,
2024-08-15 13:52:58.547036-04,301139,84.9307774227902,89.2143808255659,100,,
2024-02-06 13:41:59.026909-05,301129,84.9414270500532,89.2143808255659,100,,
2024-02-06 13:41:44.834465-05,300989,84.9627263045793,89.3475366178429,100,,
2024-02-06 13:41:06.257861-05,300490,84.9733759318424,89.3475366178429,100,,
2024-02-06 13:41:02.700306-05,300454,84.9840255591054,89.3475366178429,100,,
2024-05-22 11:55:01.149069-04,300833,84.9946751863685,89.3475366178429,100,,
2024-02-06 13:41:07.50411-05,300503,85.0053248136315,89.3475366178429,100,,
2024-02-06 13:41:00.154275-05,300430,85.0479233226837,89.3475366178429,100,,
2024-02-06 13:41:02.196367-05,300448,85.0585729499468,89.3475366178429,100,,
2024-02-06 13:40:56.288988-05,300152,85.0692225772098,89.3475366178429,100,,
2024-02-06 13:40:55.506042-05,300144,85.0798722044728,89.3475366178429,100,,
2024-02-06 13:40:55.412517-05,300143,85.0905218317359,89.3475366178429,100,,
2024-02-06 13:40:48.032665-05,300064,85.346112886049,89.6138482023968,100,,
2024-02-06 13:40:44.577725-05,300041,85.356762513312,89.6138482023968,100,,
2024-02-06 13:40:41.447893-05,300011,85.3674121405751,89.6138482023968,100,,
2024-02-06 13:40:50.823412-05,300091,85.3780617678381,89.6138482023968,100,,best ever real run
