run_number,total_N,vector_sum_norm,pio3_stdev,pio4_stdev,pio6_stdev,pio8_stdev,pio3_stdev_n,pio4_stdev_n,pio6_stdev_n,pio8_stdev_n
----------filler,36675,2529.73239059421,911.47935030511,652.611461396584,377.502802402793,248.518714421128,0.0992053216360189,0.121690481078036,0.152663456374978,0.179386661739185
364600,7335,505.946478118839,182.295870061022,130.522292279317,75.5005604805586,49.7037428842256,0.0992053216360189,0.121690481078036,0.152663456374978,0.179386661739185
365059,7398,471.565702575907,170.868955040167,123.422588800774,72.3503464344508,48.1779525544855,0.0921953338830039,0.114096685993028,0.145066327882453,0.17242062507727
365060,7394,470.420193233062,170.506757415674,123.156099796431,72.2131131054996,48.1010409615221,0.0920514597578487,0.113915611778969,0.144872705249986,0.172248112756825
365061,7396,472.130601714642,170.947707935891,123.401682381546,72.3157897692503,48.1532741172861,0.0922640277910028,0.114110362864884,0.145037855167889,0.172384618384347
365062,7397,471.002950655577,170.770158252221,123.363810775981,72.3189449279553,48.1633053874191,0.0921577290787441,0.114065473534279,0.145030574979979,0.172406092070392
365063,7398,471.92036353492,171.007247465566,123.476801334649,72.3757322197356,48.195304355542,0.0922731546912032,0.114154207705376,0.145125736074611,0.172502580711823
365066,7393,473.054643480817,171.143367047637,123.42498514775,72.1743054341266,48.0238988416904,0.09241119260959,0.114187175845706,0.144817786621401,0.171998883693142
365067,7395,470.116650950146,170.394116646848,123.077459287135,72.148023537488,48.0559597689364,0.0919787424447287,0.113829633641711,0.144724295575333,0.172065059004955
365068,7394,471.716023408831,170.82128317196,123.313324722718,72.2328295001937,48.0981813418237,0.0922219906276751,0.114062273975544,0.144912259941846,0.172230659088711
365069,7396,471.603384829217,170.800960656384,123.293842096525,72.2373583116348,48.1012978888197,0.0921864255416765,0.114014649807782,0.144883100567559,0.172203955594853
365070,7396,470.395916267349,170.501317165867,123.195193532252,72.2121770129036,48.0883081436326,0.0920246989201082,0.113923425612654,0.144832595611097,0.172153847769568
365071,7395,472.131366772681,170.985200609092,123.428310474873,72.2985850646195,48.1319207073479,0.0922979552412129,0.114152578983766,0.14502376048904,0.172333429808865
365072,7397,472.965572086312,171.225209612646,123.544240162723,72.3431190336443,48.1637387847957,0.0924030102290781,0.114231685692564,0.145079054454496,0.172405838944131
365073,7396,471.825945168666,170.935755167206,123.431858091315,72.3090775056389,48.1369270175201,0.0922581590153418,0.11413950099699,0.145024392930657,0.172327901017375
365074,7395,472.131366772681,170.985200609092,123.428310474873,72.2985850646195,48.1319207073479,0.0922979552412129,0.114152578983766,0.14502376048904,0.172333429808865
365075,7396,471.603384829217,170.800960656384,123.293842096525,72.2373583116348,48.1012978888197,0.0921864255416765,0.114014649807782,0.144883100567559,0.172203955594853
365078,7398,472.436792085695,171.040787614144,123.409620711332,72.2818306465715,48.1330912701765,0.0922913981048774,0.114093641368589,0.144938297125479,0.172276299168005
365079,7400,473.37467964369,171.398344722997,123.74550611577,72.4461150666437,48.2153870399927,0.0924582196686499,0.114367689948447,0.145220036765987,0.17249863868356
365080,7396,471.45116113116,170.755145021504,123.254622744846,72.1952532097954,48.0789632837567,0.0921622792495407,0.113979614900731,0.144799501502783,0.172116790284556
365081,7396,473.985647334732,171.551970442297,123.775157554243,72.4280453769246,48.1835141716148,0.0925933755517976,0.114459741082624,0.145267256556031,0.172491069636907
365085,7366,504.364375621203,182.904500559781,131.950410323405,76.9960257586529,50.8096284586483,0.0991427725392275,0.12254890282781,0.155105911513437,0.18265318000397
365086,7367,505.09949109169,183.016406349238,131.995260564916,77.0017363899375,50.8064003010335,0.0991914826065806,0.122575578261228,0.155092749929968,0.182603187428575
365087,7366,505.445766359376,183.149781268916,132.051920944927,77.0190355839143,50.8215371627168,0.0992763555119031,0.122644179959388,0.155152264034698,0.182690229134731
365088,7366,504.364375621203,182.904500559781,131.950410323405,76.9960257586529,50.8096284586483,0.0991427725392275,0.12254890282781,0.155105911513437,0.18265318000397
365089,7365,503.896834958424,182.659305747045,131.735475609308,76.8950386566511,50.7607718865502,0.0990239906752923,0.122367891494627,0.15492711550016,0.182508242064762
365090,7365,505.19585615103,183.03643990985,131.971951385894,76.9872901899508,50.8065928957354,0.0992279722744035,0.122585554009174,0.155110241328105,0.182663387861672
365091,7366,503.586361066499,182.60812917185,131.738696267464,76.9069103862266,50.7663925071216,0.0989821254200428,0.12235327026693,0.154929129299751,0.182503508114278
----------filler,,,,,,,,,,
365097,7365,504.081914991136,182.709679821969,131.811047696023,76.9355618874989,50.7740865567079,0.0990517707075914,0.122436759542186,0.155003282251796,0.182544599819125
365092,7365,504.087745748853,182.789003262664,131.88192619081,76.9885128694339,50.8083226814802,0.0990928891084264,0.122498604706875,0.155105394809882,0.182663846155351
365094,7366,504.920624049645,183.052582654503,132.036265211006,77.0353514161225,50.8321246242323,0.0992247698525514,0.122631304710286,0.155186959912316,0.182734050427677
365095,7366,503.827341817237,182.697866308321,131.821180828383,76.9400450755871,50.7803397706171,0.099030610177854,0.122427551096448,0.154988575695476,0.18253446077537
365093,7364,504.253519127741,182.793201840315,131.834100626091,76.9207318015306,50.7720221880555,0.09911009000071,0.122475803282853,0.154998057293744,0.182562127031163
365096,7363,504.359180953649,182.79477957656,131.853014636082,76.9415193566496,50.7741825365684,0.099123360106017,0.122505354596464,0.15505456207117,0.182591012045029
365098,7363,504.359180953649,182.79477957656,131.853014636082,76.9415193566496,50.7741825365684,0.099123360106017,0.122505354596464,0.15505456207117,0.182591012045029
365099,7364,505.130212652945,182.989177074786,131.958045952975,76.976505115946,50.7917673632916,0.099215246308223,0.122586288363631,0.1551031316997,0.182623524866437
365100,7366,505.066537133303,183.05042237621,132.040700759618,77.0197429162049,50.8122066810656,0.0992212399360071,0.122629762875332,0.155146378120757,0.18264516984523
365102,7365,504.079281236184,182.724700410232,131.801172866462,76.9156937662231,50.7608022881646,0.0990592856660731,0.122426921972612,0.154961427886684,0.182494921342545
365101,7363,504.359180953649,182.79477957656,131.853014636082,76.9415193566496,50.7741825365684,0.099123360106017,0.122505354596464,0.15505456207117,0.182591012045029
365103,7364,505.130212652945,182.989177074786,131.958045952975,76.976505115946,50.7917673632916,0.099215246308223,0.122586288363631,0.1551031316997,0.182623524866437
365104,7363,504.359180953649,182.79477957656,131.853014636082,76.9415193566496,50.7741825365684,0.099123360106017,0.122505354596464,0.15505456207117,0.182591012045029
365107,7367,505.37358387489,183.171901958359,132.146414922676,77.0832977159903,50.8541623782746,0.0992746570575792,0.122712613642314,0.155254283335112,0.18276524556667
365108,7365,504.079281236184,182.724700410232,131.801172866462,76.9156937662231,50.7608022881646,0.0990592856660731,0.122426921972612,0.154961427886684,0.182494921342545
365106,7363,502.890595937653,182.369137699747,131.583870375739,76.8176510640365,50.7112907285221,0.0988934898836552,0.122258944723373,0.154807676049029,0.182366761959964
365105,7364,504.607644108194,182.907707525725,131.932712896351,76.9730103878584,50.7890754023579,0.0991715458468191,0.122563753244126,0.155096090028089,0.182617685642861
365109,7363,503.665166184103,182.664616262899,131.794930337496,76.9065110117303,50.7544745701867,0.0990537193318198,0.122454049508334,0.15498401233891,0.182516301133536
365116,7333,520.741094006585,187.344541324037,134.424283646687,77.9396013103269,51.1117159759196,0.102003609319715,0.125405364507979,0.157779009524815,0.184682587044527
365120,7331,520.332547738773,187.166973882435,134.322913867936,77.8939251160663,51.0803965315306,0.101933705328604,0.125340883535514,0.157723887897021,0.184610379627635
365118,7330,520.88920679991,187.360465572945,134.461924720018,77.9551242840445,51.1076336686874,0.102052572088754,0.125485663678414,0.157867435487584,0.184730291431769
365119,7331,520.9999429432,187.417335812545,134.479955609462,77.9672688403958,51.1229529318627,0.102070218415762,0.12548845123105,0.157877071946141,0.184771993687683
365122,7331,520.332547738773,187.166973882435,134.322913867936,77.8939251160663,51.0803965315306,0.101933705328604,0.125340883535514,0.157723887897021,0.184610379627635
365121,7331,520.9999429432,187.417335812545,134.479955609462,77.9672688403958,51.1229529318627,0.102070218415762,0.12548845123105,0.157877071946141,0.184771993687683
365123,7333,521.421129397147,187.550718081477,134.580388066865,78.012331331745,51.1466555116597,0.102114240839849,0.125546885825917,0.157923438035425,0.184801024626404
365124,7333,521.207637705679,187.421151347353,134.447833015911,77.941889748446,51.113688762333,0.102044833858901,0.125426307467946,0.157783642182588,0.184685812837741
365127,7333,520.741094006585,187.344541324037,134.424283646687,77.9396013103269,51.1117159759196,0.102003609319715,0.125405364507979,0.157779009524815,0.184682587044527
365126,7331,520.9999429432,187.417335812545,134.479955609462,77.9672688403958,51.1229529318627,0.102070218415762,0.12548845123105,0.157877071946141,0.184771993687683
365125,7333,521.207637705679,187.421151347353,134.447833015911,77.941889748446,51.113688762333,0.102044833858901,0.125426307467946,0.157783642182588,0.184685812837741
365128,7333,522.065030439506,187.735733189575,134.670255562688,78.0366526796952,51.1569295112926,0.102216113629588,0.125632777241911,0.157972672698976,0.184836193469569
365129,7333,521.421129397147,187.550718081477,134.580388066865,78.012331331745,51.1466555116597,0.102114240839849,0.125546885825917,0.157923438035425,0.184801024626404
365131,7333,520.741094006585,187.344541324037,134.424283646687,77.9396013103269,51.1117159759196,0.102003609319715,0.125405364507979,0.157779009524815,0.184682587044527
365133,7331,520.9999429432,187.417335812545,134.479955609462,77.9672688403958,51.1229529318627,0.102070218415762,0.12548845123105,0.157877071946141,0.184771993687683
365132,7332,520.441765886015,187.22359209774,134.340848606021,77.9060423389581,51.0957110767104,0.10195122760517,0.125343597236002,0.157733481413497,0.184652068855773
365130,7333,522.065030439506,187.735733189575,134.670255562688,78.0366526796952,51.1569295112926,0.102216113629588,0.125632777241911,0.157972672698976,0.184836193469569
365134,7332,521.764929907613,187.614782554068,134.586969196962,78.0031433540101,51.1409504644217,0.102163759481272,0.125571178855454,0.157927273425713,0.184805793037185
365135,7334,522.261266295249,187.818754805843,134.749447516106,78.0861544853795,51.1858573977002,0.102248456569166,0.125691226303524,0.158052299480368,0.18491531700272
365136,7332,520.441765886015,187.22359209774,134.340848606021,77.9060423389581,51.0957110767104,0.10195122760517,0.125343597236002,0.157733481413497,0.184652068855773
365138,7333,522.065030439506,187.735733189575,134.670255562688,78.0366526796952,51.1569295112926,0.102216113629588,0.125632777241911,0.157972672698976,0.184836193469569
365139,7333,521.207637705679,187.421151347353,134.447833015911,77.941889748446,51.113688762333,0.102044833858901,0.125426307467946,0.157783642182588,0.184685812837741
365137,7331,520.9999429432,187.417335812545,134.479955609462,77.9672688403958,51.1229529318627,0.102070218415762,0.12548845123105,0.157877071946141,0.184771993687683
365141,7333,520.741094006585,187.344541324037,134.424283646687,77.9396013103269,51.1117159759196,0.102003609319715,0.125405364507979,0.157779009524815,0.184682587044527
365140,7333,520.95626773144,187.474395912634,134.556863612226,78.0100449600419,51.1446846655244,0.102073173818131,0.125525967609229,0.157918809643043,0.184797808346462
365142,7331,520.9999429432,187.417335812545,134.479955609462,77.9672688403958,51.1229529318627,0.102070218415762,0.12548845123105,0.157877071946141,0.184771993687683
365143,7336,521.482563022233,187.608335151589,134.635181637913,78.0509167059922,51.1791530747536,0.102105785950469,0.125551083505341,0.157938912339725,0.184838379550829
365144,7332,520.462882107499,187.303105516351,134.440124069224,77.9446442424924,51.1113693839072,0.10199387646061,0.125434855073276,0.157808834542579,0.184696945640374
365146,7333,520.741094006585,187.344541324037,134.424283646687,77.9396013103269,51.1117159759196,0.102003609319715,0.125405364507979,0.157779009524815,0.184682587044527
365145,7332,521.300359567354,187.538474148464,134.563435790596,78.0008567129878,51.1389750516251,0.102122694305827,0.125550249460878,0.157922643830463,0.184802559913522
365148,7332,520.77686128612,187.400277757224,134.504990735456,77.9935465092008,51.1436947839987,0.102046303110977,0.125493322579792,0.157907843394191,0.184815710063583
365147,7333,520.95626773144,187.474395912634,134.556863612226,78.0100449600419,51.1446846655244,0.102073173818131,0.125525967609229,0.157918809643043,0.184797808346462
365150,7332,521.300359567354,187.538474148464,134.563435790596,78.0008567129878,51.1389750516251,0.102122694305827,0.125550249460878,0.157922643830463,0.184802559913522
365149,7334,521.506650484369,187.541912805793,134.531074094658,77.975370136138,51.1296505779445,0.102097093815343,0.125487874790324,0.157828997641874,0.184716165229935
365151,7331,520.9999429432,187.417335812545,134.479955609462,77.9672688403958,51.1229529318627,0.102070218415762,0.12548845123105,0.157877071946141,0.184771993687683
365153,7331,520.9999429432,187.417335812545,134.479955609462,77.9672688403958,51.1229529318627,0.102070218415762,0.12548845123105,0.157877071946141,0.184771993687683
365156,7331,520.9999429432,187.417335812545,134.479955609462,77.9672688403958,51.1229529318627,0.102070218415762,0.12548845123105,0.157877071946141,0.184771993687683
365154,7332,521.764929907613,187.614782554068,134.586969196962,78.0031433540101,51.1409504644217,0.102163759481272,0.125571178855454,0.157927273425713,0.184805793037185
365155,7334,520.396790773184,187.28035236054,134.417578090629,77.9487414977567,51.1174047170967,0.101954052155532,0.125380982102761,0.157775098939027,0.184677777096089
365152,7333,520.95626773144,187.474395912634,134.556863612226,78.0100449600419,51.1446846655244,0.102073173818131,0.125525967609229,0.157918809643043,0.184797808346462
365158,7334,520.938093320514,187.427793832432,134.503659322933,77.9892094445217,51.1406803041426,0.102036104835138,0.125464013813084,0.157858878156913,0.18476186750913
365157,7334,521.273263705651,187.604313424774,134.667566312144,78.0765678439515,51.18859930973,0.102131064471582,0.12561347897252,0.158032895390975,0.184925222503144
365159,7333,522.065030439506,187.735733189575,134.670255562688,78.0366526796952,51.1569295112926,0.102216113629588,0.125632777241911,0.157972672698976,0.184836193469569
365160,7333,520.741094006585,187.344541324037,134.424283646687,77.9396013103269,51.1117159759196,0.102003609319715,0.125405364507979,0.157779009524815,0.184682587044527
365161,7333,522.065030439506,187.735733189575,134.670255562688,78.0366526796952,51.1569295112926,0.102216113629588,0.125632777241911,0.157972672698976,0.184836193469569
365162,7332,521.300359567354,187.538474148464,134.563435790596,78.0008567129878,51.1389750516251,0.102122694305827,0.125550249460878,0.157922643830463,0.184802559913522
365163,7332,521.300359567354,187.538474148464,134.563435790596,78.0008567129878,51.1389750516251,0.102122694305827,0.125550249460878,0.157922643830463,0.184802559913522
365166,7333,521.984374186109,187.704832315948,134.691621259283,78.0627269373161,51.173429764084,0.102199451793092,0.125652023629516,0.158025455846684,0.184893857540111
365164,7332,521.197394738402,187.500639352329,134.559363063384,78.016930394189,51.1519652184192,0.102102741930522,0.125547134545567,0.157957057239682,0.184851456124383
365167,7333,520.662006384494,187.313903590108,134.445710943876,77.9657080250754,51.1282316562557,0.101987090337408,0.125424669918563,0.157831859315239,0.184740311528029
365170,7334,520.959546775974,187.434484090863,134.528934587712,77.9991781890048,51.1441912734545,0.102039259742406,0.125486221355801,0.15787718723191,0.184770648238752
365168,7334,521.294584376334,187.610996431477,134.692873406019,78.0865622244145,51.1921053224468,0.102134214942433,0.125635713967786,0.158051253969685,0.184933981412029
365171,7334,521.294584376334,187.610996431477,134.692873406019,78.0865622244145,51.1921053224468,0.102134214942433,0.125635713967786,0.158051253969685,0.184933981412029
365173,7333,520.001240378426,187.186963589658,134.388855139193,77.9316475273739,51.1089255256875,0.10191894866263,0.12537436497887,0.157762908082478,0.184666651133986
365172,7334,521.294584376334,187.610996431477,134.692873406019,78.0865622244145,51.1921053224468,0.102134214942433,0.125635713967786,0.158051253969685,0.184933981412029
365174,7334,520.396790773184,187.28035236054,134.417578090629,77.9487414977567,51.1174047170967,0.101954052155532,0.125380982102761,0.157775098939027,0.184677777096089
365175,7333,521.496050807844,187.621425110315,134.642659711165,78.0504390586128,51.1679478433031,0.102155014953501,0.125608746446966,0.158002451480659,0.184881863694477
365176,7332,519.782253710084,187.09675587868,134.283923444646,77.8719557440229,51.0763976755168,0.101883133204853,0.125293219088912,0.15766446754593,0.184578372377129
365178,7335,520.7156457231183,187.41079174645944,134.52854933239746,78.01530350382603,51.16131336561465,0.10201223420789544,0.12546875161013904,0.15788926839525233,0.18480517507620708
365179,7331,520.3411952527234,187.29060806665422,134.42306696872606,77.93320902484443,51.10365350667648,0.10200217522870965,0.1254381042772637,0.15780810372357423,0.18469833661939358
365180,7333,520.7410940065852,187.34454132403667,134.424283646687,77.93960131032688,51.11171597591963,0.102003609319715,0.12540536450797868,0.15777900952481513,0.18468258704452736
365177,7334,521.7202183185591,187.67136969896396,134.6635203521031,78.04577361378851,51.16260236323637,0.10216643124774472,0.12560833470270213,0.15796869570519667,0.18483130527978658
